Age,Marital_Status_Single,Marital_Status_Married,Marital_Status_Widow,Education_Basic,Education_Intermediate,Education_Master,Children,Income,Amount_Spent,Total_AcceptedCmp,Response
66,1,0,0,0,1,0,0,58138,1617,0,1
69,1,0,0,0,1,0,2,46344,27,0,0
58,0,1,0,0,1,0,0,71613,776,0,0
39,0,1,0,0,1,0,1,26646,53,0,0
42,0,1,0,0,0,1,1,58293,422,0,0
56,0,1,0,0,0,1,1,62513,716,0,0
52,1,0,0,0,1,0,1,55635,590,0,0
38,0,1,0,0,0,1,1,33454,169,0,0
49,0,1,0,0,0,1,1,30351,46,0,1
73,0,1,0,0,0,1,2,5648,49,1,0
47,0,1,0,1,0,0,0,7500,61,0,0
64,1,0,0,0,1,0,0,63033,1102,0,0
71,1,0,0,0,0,1,2,59354,310,0,0
36,0,1,0,0,1,0,0,17323,46,0,0
77,1,0,0,0,0,1,0,82800,1315,2,1
43,0,1,0,0,1,0,2,41850,96,0,0
77,0,1,0,0,1,0,0,37760,317,0,0
74,0,1,0,0,0,1,1,76995,1782,1,0
38,1,0,0,1,0,0,1,33812,133,0,0
41,0,1,0,0,1,0,0,37040,316,0,0
44,0,1,0,0,1,0,1,2447,1730,0,0
74,0,1,0,0,0,1,1,58607,972,1,0
69,0,1,0,0,0,1,1,65324,544,0,0
72,0,1,0,0,1,0,1,40689,444,0,0
54,1,0,0,0,1,0,0,18589,75,0,0
47,0,1,0,0,1,0,2,53359,257,0,0
34,0,1,0,0,1,0,1,38360,131,0,0
58,0,1,0,0,0,1,0,84618,1672,1,0
34,1,0,0,0,0,1,0,10979,30,0,0
60,0,1,0,0,0,1,0,38620,318,0,0
53,0,1,0,0,1,0,1,40548,120,1,0
71,1,0,0,0,0,1,2,46610,302,0,1
77,0,1,0,0,0,1,0,68657,1196,0,0
72,1,0,0,0,0,1,2,49389,65,0,0
53,0,1,0,0,0,1,1,67353,913,0,0
47,0,1,0,1,0,0,1,23718,81,0,0
50,0,0,1,0,1,0,1,42429,67,0,0
80,1,0,0,0,0,1,0,48948,902,1,1
43,0,1,0,0,1,0,1,80011,1395,0,0
38,0,1,0,0,0,1,1,20559,53,0,0
66,0,1,0,0,1,0,1,21994,22,0,0
48,0,1,0,0,0,1,1,7500,31,0,0
47,1,0,0,0,1,0,0,79941,984,0,0
27,0,1,0,1,0,0,0,7500,122,0,1
55,0,1,0,0,1,0,1,41728,55,0,0
69,0,1,0,0,0,1,2,72550,1319,0,0
66,0,0,1,0,1,0,1,65486,507,0,0
59,0,1,0,0,0,1,0,79143,1693,0,0
46,1,0,0,0,1,0,1,35790,72,0,0
46,1,0,0,0,1,0,0,82582,1617,2,1
45,0,1,0,0,1,0,2,66373,606,0,0
68,0,1,0,0,0,1,0,82384,1957,1,1
57,1,0,0,0,1,0,0,70287,1093,0,1
35,1,0,0,0,1,0,1,27938,29,0,0
55,0,1,0,0,0,1,1,55954,518,0,0
41,1,0,0,0,0,1,0,75777,1438,2,1
48,0,1,0,0,1,0,2,66653,612,0,0
71,1,0,0,0,1,0,1,61823,884,0,0
72,0,0,1,0,0,1,1,67680,606,0,0
75,0,1,0,0,1,0,0,70666,1076,0,0
52,0,1,0,0,1,0,1,25721,34,0,1
56,0,1,0,0,1,0,2,32474,11,0,0
44,1,0,0,1,0,0,1,88194,1274,2,1
65,0,1,0,0,1,0,1,69096,653,0,0
53,0,1,0,0,1,0,3,74854,1562,0,0
69,0,1,0,0,0,1,0,66991,1253,0,0
64,0,1,0,0,1,0,1,65031,863,0,0
48,0,1,0,0,0,1,2,60631,661,1,0
71,0,1,0,0,1,0,0,28332,65,0,0
46,1,0,0,0,1,0,1,40246,13,0,0
51,0,1,0,0,0,1,0,75251,1890,0,1
47,1,0,0,0,1,0,0,75825,2209,1,1
47,0,1,0,1,0,0,0,26326,18,0,0
58,0,1,0,0,1,0,0,56046,692,1,1
38,1,0,0,0,1,0,1,29760,165,0,0
54,0,1,0,0,1,0,1,26304,16,0,0
50,0,1,0,1,0,0,1,23559,79,0,0
60,0,1,0,0,0,1,0,38620,318,0,0
36,1,0,0,0,1,0,0,81361,778,0,0
63,0,1,0,0,1,0,2,29440,56,0,0
53,0,1,0,0,0,1,2,36138,151,1,0
66,1,0,0,0,1,0,1,50388,372,2,1
50,0,1,0,0,1,0,0,79593,1366,1,0
56,0,1,0,0,1,0,1,54178,194,0,0
51,1,0,0,0,0,1,1,42394,32,0,0
53,0,1,0,0,0,1,1,23626,43,0,0
40,0,1,0,0,1,0,1,30096,45,0,0
63,0,0,1,0,1,0,1,47916,606,1,0
51,1,0,0,0,1,0,2,51813,63,0,0
72,0,1,0,1,0,0,0,78497,978,1,0
40,0,1,0,0,0,1,0,50150,410,0,0
63,1,0,0,1,0,0,1,47823,72,0,0
64,1,0,0,0,0,1,1,34554,55,0,0
44,0,1,0,0,1,0,1,85693,1169,0,0
78,0,1,0,0,0,1,0,65846,1120,0,0
64,0,1,0,0,1,0,0,87195,1097,0,1
44,0,1,0,1,0,0,1,24594,29,0,0
59,0,1,0,0,1,0,2,49096,187,0,0
54,0,1,0,0,1,0,2,52413,910,0,0
45,1,0,0,0,1,0,1,38557,145,0,0
63,0,1,0,0,0,1,0,89058,850,0,0
44,0,1,0,0,1,0,1,77298,969,0,0
32,1,0,0,0,0,1,0,68126,1820,1,1
60,0,1,0,0,0,1,1,57288,608,1,0
32,1,0,0,0,1,0,0,86037,730,2,1
43,0,1,0,0,0,1,1,43974,551,0,0
61,1,0,0,0,1,0,2,50785,114,0,0
53,0,1,0,0,1,0,0,90765,1724,2,0
45,0,1,0,1,0,0,1,36550,577,0,0
56,0,1,0,1,0,0,2,30753,81,0,0
54,0,1,0,0,1,0,1,21918,33,0,0
70,0,1,0,0,0,1,1,56129,660,0,0
56,1,0,0,0,0,1,1,32557,80,0,1
38,0,1,0,0,0,1,2,19510,30,0,0
47,1,0,0,0,1,0,1,30992,43,0,0
40,1,0,0,0,1,0,0,101970,1135,3,1
58,0,1,0,1,0,0,0,71488,559,0,0
39,1,0,0,0,1,0,0,79607,1923,0,1
70,0,1,0,0,0,1,2,54348,90,0,0
67,0,1,0,0,0,1,2,77376,661,0,0
71,0,1,0,0,1,0,1,62998,463,0,0
54,0,1,0,0,1,0,0,73448,725,0,0
59,0,1,0,0,0,1,2,41551,279,0,0
56,0,1,0,0,0,1,0,62981,1482,1,0
47,1,0,0,1,0,0,1,9548,29,0,0
64,0,1,0,0,0,1,3,33762,106,0,0
58,1,0,0,0,0,1,2,36921,38,0,0
31,1,0,0,0,0,1,0,92859,2077,0,0
47,0,1,0,0,0,1,1,65104,1053,0,1
61,0,1,0,0,1,0,0,86111,1385,0,0
49,1,0,0,0,0,1,1,68352,871,0,0
35,0,1,0,0,1,0,1,41883,312,0,0
47,0,1,0,0,1,0,2,59809,877,0,0
48,0,1,0,0,1,0,1,23957,68,0,1
42,0,1,0,0,1,0,1,38547,22,0,0
50,0,1,0,1,0,0,3,35688,211,0,0
57,0,1,0,0,0,1,0,49605,127,0,0
70,0,1,0,0,0,1,2,59354,459,0,0
54,0,1,0,0,1,0,1,65747,460,1,0
51,0,1,0,1,0,0,1,46344,429,0,0
71,0,1,0,0,0,1,1,61010,1021,0,0
74,0,1,0,0,1,0,0,69372,1381,2,1
65,1,0,0,0,1,0,1,49967,306,0,0
45,1,0,0,0,1,0,3,60199,18,0,0
46,0,1,0,0,1,0,1,55375,162,0,0
68,1,0,0,0,1,0,0,80317,1231,0,0
65,1,0,0,0,0,1,3,30523,13,0,0
78,0,1,0,0,0,1,0,70356,1706,0,0
39,0,1,0,0,1,0,1,23228,121,0,0
48,1,0,0,0,0,1,0,74165,1293,0,0
50,0,1,0,0,0,1,1,157243,1608,0,0
57,0,1,0,0,1,0,3,43482,88,0,0
70,1,0,0,0,1,0,0,62551,421,1,0
64,1,0,0,0,1,0,0,52332,259,1,0
35,1,0,0,0,1,0,0,66951,1117,0,0
66,0,1,0,0,1,0,2,26091,89,0,0
58,0,1,0,0,1,0,2,33456,36,0,0
41,0,1,0,0,1,0,1,28718,57,0,0
53,0,1,0,0,1,0,2,50447,148,0,0
64,0,1,0,0,0,1,2,53537,93,0,0
56,1,0,0,0,1,0,1,52074,119,1,0
48,0,1,0,0,0,1,1,80427,1835,0,0
75,0,1,0,0,0,1,0,83837,1318,2,1
53,0,1,0,0,0,1,2,38853,45,0,0
64,0,1,0,0,1,0,3,38285,10,0,0
72,0,1,0,1,0,0,0,78497,978,1,0
47,0,1,0,0,0,1,1,51650,191,0,0
35,0,1,0,1,0,0,1,16248,57,0,0
77,0,1,0,0,0,1,0,66835,1033,0,0
39,0,1,0,0,0,1,1,30477,66,0,0
62,0,1,0,1,0,0,0,28249,43,0,0
40,0,1,0,0,1,0,1,25271,50,0,0
53,1,0,0,0,0,1,1,32303,39,0,0
57,0,1,0,0,1,0,1,61286,608,0,0
47,0,1,0,0,1,0,0,74068,1581,0,0
59,0,1,0,0,0,1,2,45759,68,0,0
45,0,1,0,1,0,0,1,24882,80,1,0
34,0,1,0,0,0,1,0,66973,1282,0,0
35,0,1,0,0,1,0,1,38872,91,0,0
50,0,1,0,0,1,0,2,51148,315,0,0
46,0,1,0,0,1,0,2,31353,31,0,0
43,0,1,0,0,0,1,0,69661,834,0,0
69,0,1,0,0,1,0,0,80067,1600,1,0
69,0,1,0,0,1,0,0,86718,1270,0,0
50,1,0,0,0,0,1,2,46854,263,1,1
71,1,0,0,0,1,0,1,69142,535,1,0
55,1,0,0,0,1,0,0,75922,1295,0,0
45,1,0,0,0,1,0,1,63693,1150,0,0
46,0,1,0,0,0,1,0,102160,1240,3,1
58,1,0,0,0,0,1,2,40637,38,0,0
39,1,0,0,0,0,1,0,18890,35,1,1
35,0,1,0,0,1,0,1,29604,53,1,0
60,1,0,0,0,0,1,2,48721,293,0,0
57,0,1,0,0,1,0,1,44794,65,0,0
69,1,0,0,0,1,0,1,64497,1804,1,1
67,0,1,0,0,1,0,1,46097,241,0,0
69,0,1,0,0,1,0,0,77972,1101,0,0
55,0,1,0,0,0,1,2,44377,264,0,0
49,0,1,0,0,0,1,2,46014,541,0,0
38,0,1,0,0,1,0,0,70951,1198,0,0
46,0,1,0,0,1,0,1,41443,482,0,0
45,1,0,0,1,0,0,3,52195,17,0,0
75,0,1,0,0,0,1,0,83790,1615,2,0
69,0,0,1,0,0,1,1,44551,285,0,0
43,0,1,0,0,1,0,1,69508,1135,0,0
35,0,1,0,1,0,0,1,45204,114,0,0
54,0,1,0,0,1,0,0,72460,1047,0,0
53,0,1,0,0,0,1,2,77622,714,0,0
43,0,1,0,0,0,1,1,30732,185,0,0
61,1,0,0,0,1,0,1,63887,1245,0,0
45,0,1,0,0,1,0,1,42011,189,0,0
47,0,1,0,0,1,0,1,51369,576,0,0
71,1,0,0,0,1,0,1,51537,1103,0,0
51,0,1,0,0,0,1,0,79930,1753,0,0
37,0,1,0,0,0,1,1,34320,17,0,0
57,1,0,0,0,1,0,2,37070,433,0,1
61,1,0,0,1,0,0,1,81975,1588,1,0
52,0,1,0,0,1,0,1,38590,22,0,0
72,1,0,0,0,1,0,0,15033,19,0,0
58,0,1,0,0,0,1,1,62745,1117,0,0
48,0,1,0,1,0,0,1,22212,69,0,0
41,0,1,0,0,0,1,1,23661,23,0,0
65,1,0,0,0,0,1,1,79761,605,0,0
50,1,0,0,0,1,0,1,7500,57,0,0
55,0,0,1,0,1,0,0,73455,2088,1,0
65,0,1,0,0,1,0,1,64961,1009,0,0
52,1,0,0,0,1,0,1,22804,26,0,0
33,0,1,0,0,1,0,0,73687,1627,1,1
65,0,1,0,0,1,0,1,61074,1102,0,0
59,0,1,0,0,0,1,2,31686,17,0,0
51,0,1,0,0,1,0,1,80134,1690,3,1
70,0,1,0,0,1,0,1,75027,1390,0,0
35,0,1,0,0,0,1,0,67546,2126,0,0
54,0,1,0,0,0,1,1,65176,1531,0,0
48,1,0,0,0,0,1,1,31160,64,0,0
38,1,0,0,0,1,0,1,29938,26,0,0
49,1,0,0,0,1,0,0,102692,1112,4,1
65,0,1,0,1,0,0,0,26490,210,0,0
56,0,1,0,0,1,0,2,75702,1148,0,0
49,1,0,0,0,0,1,1,30899,33,0,0
62,0,1,0,0,0,1,1,63342,1101,1,0
59,1,0,0,0,1,0,1,45989,322,0,0
59,1,0,0,0,1,0,2,18701,44,0,0
66,1,0,0,0,0,1,3,40737,17,0,0
44,1,0,0,0,1,0,1,15287,31,1,1
55,1,0,0,0,0,1,2,69674,845,0,0
53,0,1,0,0,0,1,1,44159,275,0,0
45,0,1,0,0,0,1,1,37717,25,0,0
71,0,1,0,0,0,1,2,43776,275,0,1
57,0,1,0,0,0,1,2,38179,90,0,0
60,0,1,0,0,1,0,0,80124,1495,1,0
53,0,1,0,0,0,1,2,38097,184,1,1
53,0,1,0,0,1,0,0,72940,981,0,0
53,0,1,0,0,1,0,1,22070,67,0,0
70,1,0,0,0,1,0,0,69267,1635,0,1
40,1,0,0,0,0,1,1,31788,60,0,0
48,0,1,0,0,0,1,1,61905,231,0,0
63,0,1,0,0,1,0,2,29315,48,0,0
60,1,0,0,0,1,0,2,33378,99,0,0
60,0,1,0,0,0,1,1,66313,770,0,0
67,1,0,0,0,1,0,0,60714,957,0,1
42,0,1,0,0,0,1,0,77882,818,0,0
37,1,0,0,0,0,1,0,69867,925,1,1
55,1,0,0,0,0,1,1,63841,908,0,0
42,0,1,0,1,0,0,1,24480,102,0,0
47,0,1,0,0,1,0,1,51369,576,0,0
77,0,1,0,0,1,0,0,37760,317,0,0
49,0,1,0,0,0,1,1,65640,461,0,0
48,0,1,0,0,0,1,2,44319,37,0,0
49,0,1,0,0,1,0,1,30631,70,0,0
71,0,1,0,0,1,0,0,75278,930,0,0
67,0,1,0,0,0,1,2,50898,859,0,0
57,0,0,1,0,1,0,0,79946,1478,0,0
74,1,0,0,0,0,1,0,35416,390,0,0
39,0,1,0,1,0,0,0,32414,52,1,0
54,0,1,0,0,1,0,1,38361,137,0,0
43,0,1,0,0,1,0,0,82497,1919,1,0
52,0,1,0,0,1,0,2,16626,68,0,0
58,0,1,0,0,1,0,2,29672,25,0,0
71,0,1,0,0,0,1,1,55951,1374,2,0
35,1,0,0,1,0,0,1,35388,32,0,0
37,0,1,0,0,0,1,1,42386,100,0,0
41,1,0,0,0,1,0,0,68627,825,0,0
58,1,0,0,0,0,1,1,57912,916,1,0
65,1,0,0,0,1,0,2,35246,62,0,0
67,0,1,0,1,0,0,1,58821,728,0,0
45,0,1,0,0,0,1,1,46377,90,0,0
35,1,0,0,0,1,0,1,39747,273,0,0
39,0,1,0,0,1,0,1,23976,66,0,0
62,0,1,0,0,0,1,0,80950,1213,1,0
57,0,0,1,0,1,0,0,27038,107,0,1
76,1,0,0,0,1,0,0,77457,1157,1,0
59,0,1,0,0,0,1,1,64100,546,1,0
31,0,1,0,0,0,1,0,42670,241,0,0
47,1,0,0,0,1,0,1,12571,53,0,0
56,0,1,0,0,1,0,3,22574,37,0,0
47,1,0,0,0,0,1,0,70893,1508,0,0
57,0,1,0,0,1,0,2,54198,235,0,0
67,0,1,0,0,0,1,2,28839,32,0,0
51,0,1,0,0,1,0,2,40321,102,0,0
38,1,0,0,0,1,0,1,66503,401,0,0
72,0,1,0,0,1,0,2,30833,28,0,0
52,0,1,0,0,1,0,1,64795,680,0,0
49,0,1,0,0,1,0,1,34421,30,0,0
58,1,0,0,0,0,1,2,47025,20,0,0
62,1,0,0,0,0,1,1,64325,1307,0,0
70,1,0,0,0,1,0,1,40464,630,0,0
66,0,1,0,0,1,0,0,62187,1283,0,0
47,1,0,0,0,0,1,1,14849,65,0,0
39,0,1,0,0,1,0,1,27255,37,0,0
73,0,1,0,0,0,1,3,54432,38,0,0
37,1,0,0,0,0,1,1,29999,160,0,0
40,1,0,0,0,1,0,1,24072,23,0,0
34,1,0,0,0,0,1,0,33996,71,0,0
67,0,1,0,0,0,1,1,66334,1161,0,1
52,0,1,0,0,0,1,1,35178,59,1,1
40,0,1,0,0,1,0,1,22010,33,0,0
63,1,0,0,0,1,0,2,62204,946,0,0
55,1,0,0,0,1,0,0,75693,1442,3,1
51,0,1,0,0,1,0,1,30675,62,0,0
58,0,1,0,0,1,0,0,83003,1674,1,1
35,1,0,0,0,1,0,0,68655,1538,0,0
37,1,0,0,0,1,0,0,41411,139,0,0
54,0,1,0,0,0,1,1,55212,1182,2,0
73,0,1,0,0,0,1,1,59292,507,0,0
50,0,1,0,1,0,0,1,27190,18,1,1
71,1,0,0,0,1,0,0,82623,940,0,0
58,0,1,0,0,1,0,2,44300,42,0,0
53,1,0,0,0,1,0,0,84835,1190,0,1
52,0,0,1,0,1,0,2,30372,44,0,0
47,0,1,0,0,0,1,1,33181,16,1,0
66,0,1,0,0,1,0,1,71113,835,0,0
37,0,1,0,0,1,0,1,71952,1443,2,0
57,1,0,0,0,0,1,0,69759,1029,0,1
49,0,1,0,0,1,0,0,72099,1188,0,0
47,1,0,0,0,0,1,1,60000,1277,0,0
45,1,0,0,0,1,0,2,38643,49,0,0
68,0,1,0,0,1,0,1,50737,99,1,0
54,0,1,0,0,0,1,0,68462,1670,0,0
80,0,1,0,0,0,1,0,65073,900,0,0
75,0,1,0,0,0,1,2,46681,425,0,0
66,0,1,0,0,1,0,0,78618,2153,1,0
54,0,0,1,0,0,1,1,62187,636,0,0
45,0,1,0,0,1,0,2,28442,57,0,0
45,0,1,0,0,0,1,1,37717,25,0,0
56,0,1,0,0,1,0,2,51479,494,0,0
54,1,0,0,0,1,0,1,54803,693,0,0
63,0,1,0,0,1,0,0,79530,1348,0,0
47,1,0,0,0,1,0,1,31615,51,0,0
61,0,1,0,0,1,0,0,72025,1932,0,0
48,1,0,0,0,0,1,1,52614,990,0,0
39,0,1,0,1,0,0,1,35684,30,0,0
48,0,1,0,0,1,0,2,48178,254,0,0
53,1,0,0,0,0,1,1,29548,29,1,0
57,1,0,0,0,1,0,1,63810,1371,1,0
51,1,0,0,0,0,1,2,38578,73,0,1
48,1,0,0,0,0,1,2,46098,120,0,0
53,1,0,0,0,1,0,0,22585,81,1,1
34,1,0,0,0,1,0,1,30279,37,0,0
62,0,1,0,0,0,1,1,66426,1377,0,0
54,1,0,0,0,1,0,1,30822,51,0,0
54,0,1,0,0,0,1,2,33581,17,0,0
38,0,1,0,0,1,0,1,19986,22,0,0
69,0,0,1,0,1,0,0,27421,324,0,0
50,0,1,0,1,0,0,3,35688,211,0,0
42,1,0,0,0,0,1,1,36143,19,0,0
52,1,0,0,0,1,0,1,10245,41,0,0
55,0,1,0,0,0,1,1,43795,492,1,1
63,0,1,0,0,1,0,1,63381,1005,0,0
74,0,1,0,0,1,0,1,38823,114,0,0
55,1,0,0,0,0,1,2,83664,1173,0,0
44,0,1,0,0,1,0,0,90300,1738,1,0
44,0,1,0,0,0,1,1,62499,222,0,0
30,1,0,0,0,1,0,0,74293,1127,0,0
77,0,1,0,0,0,1,0,51012,209,0,0
55,0,1,0,0,0,1,1,70777,787,0,0
32,0,1,0,0,0,1,0,68682,1598,0,0
52,0,1,0,0,1,0,2,43824,186,0,0
39,0,1,0,0,1,0,1,15345,47,0,1
36,1,0,0,0,1,0,1,23442,27,0,0
43,0,1,0,1,0,0,1,14515,96,0,1
67,1,0,0,1,0,0,2,31395,64,0,0
58,0,1,0,0,1,0,0,75276,1040,0,0
49,1,0,0,0,1,0,2,42373,163,0,0
63,0,1,0,0,1,0,0,30507,343,0,0
68,1,0,0,0,0,1,3,55521,446,1,1
58,0,1,0,0,1,0,2,48006,41,0,0
51,1,0,0,0,0,1,1,27213,70,0,1
52,1,0,0,0,0,1,2,65808,272,0,0
49,0,1,0,0,0,1,1,30351,46,0,0
60,0,1,0,0,1,0,2,50437,490,0,0
41,1,0,0,1,0,0,1,23616,79,0,1
47,0,1,0,0,1,0,1,53858,915,0,0
68,0,1,0,0,0,1,1,66465,1485,1,0
36,1,0,0,0,1,0,1,46923,369,0,0
61,0,1,0,0,1,0,1,75072,1073,0,0
80,0,1,0,0,0,1,0,75865,1242,0,0
48,0,1,0,1,0,0,1,19789,78,1,0
29,0,1,0,0,1,0,0,80134,1378,4,0
42,1,0,0,0,1,0,0,91065,1474,2,1
52,0,1,0,0,0,1,2,49505,751,0,0
50,0,1,0,0,0,1,1,37401,48,0,0
40,0,1,0,0,1,0,1,30096,45,0,0
41,0,1,0,0,0,1,1,18492,10,0,0
49,0,1,0,0,0,1,0,82584,1435,2,1
82,0,1,0,0,0,1,0,93027,2119,1,0
70,0,1,0,0,1,0,3,48686,20,0,0
37,0,1,0,0,1,0,0,92910,1795,3,0
34,0,1,0,0,1,0,1,75433,1188,2,0
34,0,1,0,1,0,0,1,10404,43,0,0
55,0,1,0,0,1,0,1,61314,1008,0,0
62,1,0,0,0,0,1,0,84865,1688,4,1
34,0,1,0,0,1,0,1,42387,684,0,0
56,0,1,0,1,0,0,2,67309,1082,0,0
59,0,1,0,0,1,0,1,75236,1068,0,0
53,1,0,0,0,1,0,1,30015,57,0,0
67,0,1,0,0,0,1,1,50943,46,0,0
57,1,0,0,0,1,0,1,67272,733,0,0
74,0,0,1,0,0,1,1,51529,467,0,0
52,0,1,0,0,0,1,1,32011,122,0,0
37,0,1,0,1,0,0,1,7500,36,0,0
34,0,1,0,0,1,0,1,28691,34,0,0
75,0,1,0,0,0,1,1,56223,156,0,0
77,0,1,0,0,1,0,0,18100,14,0,0
34,1,0,0,0,1,0,1,30279,37,0,0
49,0,1,0,1,0,0,0,20130,34,0,0
64,1,0,0,0,1,0,0,23295,20,0,0
51,1,0,0,0,0,1,1,42618,192,0,0
59,1,0,0,0,1,0,0,81246,1379,2,0
47,0,1,0,0,1,0,1,24027,48,0,0
70,0,1,0,0,0,1,1,55707,428,0,0
68,1,0,0,0,1,0,1,57959,868,0,0
54,0,1,0,0,1,0,1,56796,1001,0,0
52,1,0,0,0,0,1,1,36230,59,0,0
43,0,1,0,1,0,0,2,70829,431,0,0
47,0,1,0,0,1,0,1,65991,971,0,0
51,0,1,0,0,1,0,3,38988,348,0,0
57,1,0,0,1,0,0,0,89572,2059,2,1
39,0,1,0,0,0,1,1,42207,265,1,1
71,0,1,0,0,1,0,1,50300,270,0,0
41,0,1,0,1,0,0,0,66664,1289,0,0
59,0,1,0,0,1,0,1,60597,893,1,1
74,0,0,1,0,1,0,0,70165,926,0,0
65,0,0,1,0,0,1,1,50520,135,0,0
60,0,1,0,0,1,0,0,80124,1495,1,0
48,0,1,0,0,1,0,1,33183,120,0,0
54,1,0,0,0,0,1,0,66582,1288,0,0
68,0,1,0,0,0,1,0,75261,1743,2,1
53,0,0,1,0,1,0,1,31880,15,0,0
72,0,1,0,0,1,0,2,53790,542,0,0
52,0,1,0,0,0,1,1,49269,890,0,0
48,0,1,0,0,1,0,1,61456,1388,0,0
43,0,1,0,0,1,0,1,37406,17,0,1
42,0,1,0,0,0,1,1,56937,906,1,1
45,0,1,0,0,1,0,2,38415,44,0,0
35,1,0,0,0,1,0,1,20518,25,0,0
67,0,1,0,0,1,0,1,62503,973,0,0
51,1,0,0,0,0,1,2,41644,31,0,0
46,0,1,0,0,0,1,1,55842,518,0,0
51,0,1,0,0,0,1,1,62010,530,0,0
46,0,1,0,0,1,0,1,41124,506,0,0
50,0,1,0,0,0,1,1,38961,70,0,0
51,1,0,0,0,0,1,1,37760,54,0,0
49,1,0,0,0,1,0,1,32233,296,1,1
48,0,1,0,0,1,0,1,43057,266,0,0
63,0,1,0,0,0,1,0,83151,747,0,0
59,1,0,0,0,0,1,0,78825,895,0,1
47,0,1,0,0,0,1,1,65104,1053,0,0
49,0,1,0,0,1,0,1,60093,735,0,0
54,0,1,0,0,1,0,1,14045,20,0,0
71,0,0,1,1,0,0,0,28457,205,0,0
65,0,1,0,0,0,1,1,78952,2092,0,0
47,1,0,0,0,1,0,1,46310,309,0,0
68,0,1,0,0,1,0,0,76005,1722,1,0
59,1,0,0,0,0,1,1,58308,900,0,0
79,1,0,0,0,0,1,0,55614,682,1,0
61,1,0,0,0,0,1,1,59432,663,0,0
45,1,0,0,0,1,0,1,55563,43,0,0
52,0,1,0,0,0,1,1,78642,1816,0,0
74,0,1,0,0,0,1,1,67911,976,0,0
79,0,1,0,0,1,0,0,65275,746,0,0
73,0,1,0,0,1,0,2,27203,64,0,0
62,0,1,0,0,0,1,1,48330,32,0,0
33,0,1,0,1,0,0,0,24279,263,0,0
38,0,1,0,0,0,1,1,64355,1445,0,0
67,0,1,0,0,0,1,1,50943,46,0,0
70,0,0,1,0,1,0,0,53653,1210,0,0
47,0,1,0,0,1,0,1,65665,945,0,0
34,1,0,0,0,1,0,0,81217,1157,0,0
31,0,1,0,0,1,0,0,34935,137,0,0
64,1,0,0,0,1,0,1,61250,730,0,0
42,0,1,0,0,0,1,1,39665,216,1,0
44,1,0,0,0,1,0,1,60152,943,0,0
59,0,1,0,0,1,0,2,48920,347,1,0
64,0,1,0,0,0,1,0,89120,1924,1,0
77,0,1,0,0,0,1,1,44124,397,0,0
48,1,0,0,0,0,1,0,81169,2089,0,0
62,0,1,0,0,1,0,2,36443,138,0,0
33,1,0,0,0,1,0,1,26095,42,0,0
64,0,1,0,0,1,0,0,71367,777,0,0
79,0,1,0,0,0,1,0,80184,1902,2,0
58,1,0,0,0,1,0,2,30630,52,0,0
36,1,0,0,0,0,1,0,73454,1651,1,0
32,0,1,0,0,1,0,0,42691,358,0,0
70,0,1,0,0,1,0,0,70503,1727,2,0
36,0,1,0,0,1,0,1,25545,210,0,1
37,0,1,0,0,1,0,1,32880,42,0,0
65,0,1,0,0,0,1,0,77863,1291,0,0
46,0,1,0,0,0,1,0,50353,442,0,0
59,1,0,0,0,1,0,0,61839,1895,0,0
63,0,1,0,0,0,1,2,49154,411,0,0
48,0,0,1,1,0,0,1,47682,521,0,0
54,1,0,0,0,1,0,1,72679,1168,0,0
46,0,1,0,0,0,1,2,57954,493,1,0
61,0,1,0,0,1,0,2,65316,260,0,0
41,1,0,0,0,1,0,1,28567,46,0,0
72,0,1,0,0,0,1,1,47352,319,0,0
56,0,1,0,0,1,0,1,44931,96,0,0
56,1,0,0,0,1,0,0,76982,1062,1,1
71,0,1,0,1,0,0,1,57247,232,0,0
42,1,0,0,0,0,1,1,22944,76,0,0
46,0,1,0,1,0,0,1,25315,54,0,0
54,0,0,1,0,1,0,1,43638,201,0,0
39,1,0,0,0,0,1,1,42710,406,0,0
41,0,1,0,0,0,1,0,84169,1919,2,1
47,0,1,0,0,1,0,1,54058,662,0,0
33,0,1,0,1,0,0,1,24683,41,0,0
59,0,0,1,0,1,0,0,85620,1600,0,1
43,0,1,0,0,1,0,1,47850,134,0,0
55,0,1,0,0,1,0,2,19514,69,1,1
50,0,1,0,0,0,1,2,27159,21,0,0
60,1,0,0,1,0,0,2,39548,54,0,0
34,1,0,0,0,1,0,1,21474,91,1,1
52,1,0,0,0,0,1,1,60504,526,0,0
60,0,1,0,0,1,0,0,22419,162,0,0
74,0,1,0,0,0,1,0,81698,1008,0,1
71,0,1,0,0,1,0,2,43462,240,0,0
45,1,0,0,0,0,1,1,54880,795,0,0
41,0,1,0,0,1,0,0,79908,1772,1,0
53,0,1,0,1,0,0,0,15315,64,0,0
64,0,1,0,0,1,0,1,87771,1957,4,1
45,0,1,0,0,1,0,1,33039,78,0,0
43,1,0,0,0,1,0,0,81741,1572,0,0
52,0,1,0,0,0,1,1,71499,795,0,0
53,0,1,0,1,0,0,1,62466,889,0,0
60,1,0,0,0,0,1,1,48799,331,0,0
73,0,1,0,0,0,1,1,52157,265,0,0
61,1,0,0,0,1,0,1,66565,1065,0,0
72,0,1,0,0,0,1,2,29298,11,0,0
44,1,0,0,0,1,0,1,47691,21,0,0
53,0,1,0,0,1,0,2,38200,17,0,0
49,0,1,0,0,1,0,1,44989,369,0,0
55,0,1,0,0,0,1,2,38443,38,0,0
45,1,0,0,1,0,0,1,38593,177,0,0
53,0,1,0,0,0,1,1,64413,279,0,0
42,0,1,0,0,0,1,1,36959,62,0,0
46,0,1,0,0,0,1,1,61996,1230,3,1
55,0,1,0,0,1,0,2,51287,182,0,0
53,0,1,0,0,1,0,2,13260,49,0,0
57,0,1,0,0,0,1,2,47472,75,0,0
67,0,1,0,0,0,1,2,54603,227,0,0
49,0,1,0,0,0,1,2,45207,215,1,0
72,0,1,0,0,1,0,1,40689,444,0,0
56,0,1,0,1,0,0,2,47821,47,0,0
72,0,1,0,0,0,1,0,27450,143,0,0
40,0,1,0,0,1,0,1,39453,55,0,0
52,0,1,0,1,0,0,2,26850,63,0,0
68,0,0,1,0,1,0,0,79800,1867,3,1
62,0,1,0,0,0,1,1,61794,611,0,0
68,0,1,0,0,1,0,1,53863,473,1,0
64,0,1,0,0,1,0,0,24221,55,0,0
39,1,0,0,0,0,1,1,39684,81,0,1
48,0,1,0,0,0,1,0,92163,2086,2,1
58,1,0,0,0,0,1,0,69882,1478,0,0
46,0,1,0,0,1,0,1,33178,49,0,0
51,0,1,0,0,0,1,0,59973,382,0,0
48,0,1,0,0,0,1,1,17459,69,0,1
54,1,0,0,0,1,0,1,23910,67,0,0
54,0,1,0,0,0,1,2,42169,30,0,0
45,0,1,0,1,0,0,1,26224,63,0,0
42,0,1,0,0,1,0,1,31089,79,0,0
62,1,0,0,0,1,0,1,30081,42,0,0
63,0,1,0,0,1,0,1,62807,819,0,0
68,1,0,0,0,1,0,0,72906,1151,0,0
75,0,1,0,0,0,1,2,61467,594,0,0
57,0,1,0,0,0,1,2,49618,129,0,0
37,1,0,0,0,0,1,1,21888,213,0,1
50,0,0,1,0,1,0,1,42429,67,0,0
67,1,0,0,0,1,0,3,26150,28,0,0
48,0,1,0,1,0,0,1,30801,45,0,0
58,0,1,0,0,1,0,0,81168,1193,1,0
54,1,0,0,0,0,1,0,26877,268,0,0
79,0,0,1,0,0,1,0,45006,266,0,0
50,0,1,0,1,0,0,1,18978,37,0,0
56,0,1,0,0,1,0,3,22574,37,0,0
54,1,0,0,0,0,1,0,48240,882,0,1
49,0,1,0,0,1,0,2,45837,373,0,0
58,1,0,0,0,0,1,3,35791,35,0,0
47,0,1,0,0,0,1,2,162397,107,0,0
45,0,0,1,0,1,0,2,54162,42,0,0
63,0,1,0,0,0,1,1,30522,326,0,0
62,0,1,0,0,0,1,1,54456,404,0,0
52,1,0,0,0,1,0,0,31632,95,0,0
74,0,0,1,0,1,0,0,72298,939,2,0
45,1,0,0,1,0,0,1,36975,33,0,0
68,0,1,0,1,0,0,0,72635,981,1,0
47,0,1,0,0,1,0,1,13624,36,0,0
48,1,0,0,0,1,0,1,84196,1237,0,0
63,0,1,0,0,1,0,1,70971,1825,0,1
46,1,0,0,0,0,1,2,34487,103,0,0
46,1,0,0,0,1,0,1,28769,191,0,0
53,0,1,0,0,0,1,1,69084,1586,0,0
65,0,1,0,0,0,1,0,65488,963,0,0
53,0,1,0,1,0,0,1,62466,889,0,0
63,1,0,0,1,0,0,0,32218,93,1,1
50,1,0,0,0,1,0,0,83917,1587,0,1
61,1,0,0,0,1,0,3,46102,16,0,0
71,1,0,0,0,1,0,0,84574,1375,0,0
61,0,1,0,0,1,0,1,56181,393,0,0
73,1,0,0,0,0,1,1,63120,1477,0,1
52,0,1,0,0,1,0,1,73691,1179,1,0
63,0,1,0,0,1,0,1,63381,1005,0,0
75,0,1,0,0,0,1,0,76140,1348,0,0
64,1,0,0,0,0,1,1,62859,1307,0,0
59,1,0,0,0,1,0,1,45906,486,1,0
76,0,1,0,0,0,1,0,77632,2252,2,1
52,0,1,0,0,0,1,2,46463,235,0,0
53,0,1,0,0,1,0,0,105471,1724,2,1
53,1,0,0,0,0,1,1,55282,235,0,0
46,0,1,0,0,0,1,1,78710,1092,0,0
65,0,1,0,0,1,0,1,66886,599,0,0
63,1,0,0,0,0,1,0,98777,2008,1,0
38,0,1,0,0,1,0,1,29103,48,0,0
49,0,1,0,0,1,0,1,67445,1174,0,0
73,0,1,0,0,0,1,1,50616,67,0,0
68,1,0,0,0,1,0,1,49431,365,0,0
48,1,0,0,0,1,0,0,153924,6,0,0
70,0,1,0,0,1,0,1,61278,165,0,0
65,0,1,0,1,0,0,0,26490,210,0,0
76,0,1,0,0,0,1,1,73059,1095,0,0
57,1,0,0,0,0,1,3,46734,223,1,0
60,0,1,0,0,1,0,1,56253,597,0,0
38,0,1,0,0,1,0,1,19986,22,0,0
48,0,0,1,0,1,0,1,58330,1064,0,0
43,0,1,0,1,0,0,0,25965,74,0,0
67,0,1,0,0,0,1,0,14661,26,0,0
64,0,1,0,0,1,0,0,18690,60,0,0
49,0,1,0,0,0,1,1,45068,20,0,0
36,1,0,0,1,0,0,1,21063,59,0,0
55,0,1,0,0,0,1,1,29187,34,0,0
52,0,1,0,1,0,0,2,54690,198,0,0
59,0,1,0,0,0,1,1,59304,1048,0,0
61,1,0,0,0,0,1,2,59247,574,0,0
53,0,0,1,0,1,0,1,66731,1029,0,0
43,0,1,0,0,1,0,1,77353,670,0,0
48,1,0,0,0,0,1,1,52614,990,0,0
49,0,1,0,0,1,0,2,26751,11,0,0
60,0,1,0,0,0,1,1,81300,1241,1,1
44,1,0,0,0,1,0,0,70337,576,0,0
38,0,1,0,1,0,0,1,36145,172,1,1
43,1,0,0,0,0,1,0,65295,664,0,0
60,1,0,0,0,1,0,1,68118,928,0,0
56,1,0,0,0,1,0,0,68743,2074,0,0
41,0,1,0,1,0,0,0,41039,467,0,0
68,0,1,0,0,1,0,1,38946,257,0,0
56,0,1,0,0,1,0,0,65777,1146,0,0
47,1,0,0,0,0,1,1,66476,689,0,0
51,1,0,0,0,0,1,0,86857,2114,0,1
41,0,1,0,0,0,1,0,160803,1717,0,0
34,0,1,0,0,0,1,0,77845,1346,2,0
54,0,1,0,0,0,1,0,69476,1044,0,0
63,1,0,0,0,0,1,1,50611,493,1,1
53,1,0,0,0,1,0,0,61209,957,0,0
65,0,1,0,0,0,1,1,42315,270,0,0
71,0,1,0,1,0,0,0,13084,29,0,0
74,0,0,1,0,0,1,2,47570,121,0,1
62,0,1,0,0,0,1,2,61923,126,0,0
28,1,0,0,0,1,0,0,34824,23,0,0
74,1,0,0,0,0,1,2,26518,57,0,1
62,1,0,0,0,1,0,0,45938,636,0,0
63,0,1,0,0,1,0,0,78468,1004,1,0
50,1,0,0,0,1,0,1,78901,734,0,0
45,0,1,0,0,1,0,2,71427,614,0,0
45,1,0,0,0,1,0,1,71022,1453,1,0
35,1,0,0,0,0,1,0,90247,1621,3,1
55,1,0,0,0,0,1,1,41335,187,0,0
37,0,1,0,0,1,0,1,71952,1443,2,0
53,1,0,0,0,0,1,1,35682,57,0,0
72,1,0,0,0,1,0,1,43185,637,0,0
75,0,1,0,0,0,1,1,66375,948,1,0
52,0,1,0,0,0,1,1,35178,59,1,1
37,0,1,0,0,1,0,1,25252,18,0,0
58,1,0,0,0,0,1,1,55250,903,0,0
48,1,0,0,0,1,0,1,33249,112,0,0
70,0,1,0,0,1,0,0,58398,596,0,0
41,0,1,0,0,1,0,1,50272,233,0,0
48,0,1,0,0,0,1,0,76618,1511,0,0
63,1,0,0,1,0,0,0,87305,1152,1,1
45,0,1,0,0,1,0,1,25851,48,0,0
53,1,0,0,0,1,0,1,58710,1185,0,0
65,1,0,0,0,1,0,2,45160,21,0,0
58,0,1,0,0,0,1,1,74806,965,0,0
69,0,1,0,0,1,0,0,59111,869,0,0
39,0,1,0,0,0,1,1,18988,16,0,0
58,0,1,0,0,1,0,0,72190,1947,0,0
47,0,1,0,0,1,0,1,7500,71,1,1
57,0,1,0,0,1,0,1,44794,65,0,0
68,0,1,0,0,1,0,0,80395,1380,1,0
47,1,0,0,0,0,1,0,75012,1027,0,0
58,0,1,0,0,0,1,3,56962,411,0,0
32,0,1,0,0,1,0,0,89891,836,1,0
74,1,0,0,0,0,1,2,35946,11,0,0
70,0,1,0,0,0,1,2,53593,480,0,0
45,0,1,0,0,1,0,2,66373,606,0,0
75,1,0,0,0,0,1,3,45072,284,0,0
50,1,0,0,0,1,0,2,89694,1472,3,0
74,0,1,0,0,1,0,0,72025,1677,3,1
50,0,1,0,0,1,0,1,67432,1335,0,0
71,0,1,0,0,0,1,1,70545,334,0,0
34,0,1,0,1,0,0,1,17487,18,0,0
54,0,1,0,0,1,0,1,62882,1338,0,0
70,1,0,0,0,0,1,1,64108,1099,0,0
67,0,1,0,0,0,1,2,34941,97,0,0
73,1,0,0,0,0,1,3,48767,63,0,0
45,0,1,0,1,0,0,1,38702,109,0,0
59,0,1,0,0,1,0,0,82224,902,1,0
71,0,1,0,0,1,0,0,83844,1574,1,0
48,0,1,0,1,0,0,1,17003,38,0,0
28,1,0,0,0,1,0,0,71163,960,0,0
53,1,0,0,0,1,0,1,33697,28,1,0
69,0,1,0,1,0,0,0,63564,1215,1,1
51,0,1,0,0,0,1,0,83443,1497,0,0
65,0,1,0,0,0,1,1,51518,449,0,0
48,0,0,1,0,1,0,1,58330,1064,0,0
54,0,1,0,0,1,0,0,80952,1757,3,1
44,0,1,0,0,1,0,0,75507,1440,0,0
45,0,1,0,1,0,0,0,63855,1006,0,0
51,0,1,0,0,0,1,1,62220,1226,0,1
59,0,1,0,0,1,0,1,58512,1171,0,0
44,0,1,0,0,0,1,1,40662,92,0,0
64,0,1,0,0,0,1,1,38829,99,0,0
42,0,1,0,1,0,0,1,35523,66,0,0
56,1,0,0,0,1,0,2,79146,564,0,0
35,0,1,0,0,0,1,0,78285,1427,0,0
45,1,0,0,0,0,1,1,31626,86,1,1
71,1,0,0,0,1,0,0,75127,833,0,0
68,0,1,0,0,1,0,1,48726,242,0,0
46,0,1,0,0,1,0,0,74985,1869,0,0
36,0,1,0,0,1,0,0,67430,1364,0,0
58,0,1,0,1,0,0,1,46891,183,0,0
67,0,1,0,0,0,1,1,62058,450,0,0
44,0,1,0,0,1,0,1,72063,758,0,0
72,0,1,0,0,0,1,0,78939,1507,0,0
58,1,0,0,0,1,0,2,42720,654,0,1
51,0,1,0,0,1,0,2,33622,81,0,0
66,0,1,0,0,0,1,1,6835,137,0,0
70,0,1,0,0,1,0,2,41452,16,0,0
58,1,0,0,0,0,1,1,40760,93,0,0
65,0,1,0,0,0,1,0,74250,1158,0,0
68,1,0,0,0,0,1,2,51124,43,0,0
52,1,0,0,0,1,0,1,72258,1525,0,0
49,1,0,0,0,0,1,0,71466,1230,0,0
47,0,1,0,0,1,0,2,36283,29,0,0
53,1,0,0,0,1,0,1,20587,25,0,0
51,0,1,0,0,1,0,1,30467,24,0,0
51,0,1,0,0,1,0,1,31590,38,0,0
37,0,1,0,1,0,0,1,20425,57,0,0
63,0,1,0,0,0,1,2,17144,47,0,0
55,1,0,0,0,0,1,1,42564,813,1,1
45,0,1,0,0,0,1,1,43783,629,1,0
47,1,0,0,0,1,0,1,40780,377,0,0
78,0,1,0,0,0,1,0,62847,1612,0,0
66,0,1,0,0,0,1,0,82017,729,3,1
73,1,0,0,0,1,0,0,16813,50,1,0
45,0,1,0,0,1,0,2,51267,270,0,0
62,1,0,0,0,1,0,1,46524,177,0,0
61,1,0,0,0,0,1,0,45183,315,1,0
69,0,1,0,0,0,1,1,70421,767,0,0
58,1,0,0,1,0,0,1,60161,1071,0,0
50,0,1,0,0,1,0,0,73926,1580,0,0
55,0,1,0,0,1,0,1,19329,60,0,0
53,0,1,0,0,0,1,1,61872,573,0,0
67,0,0,1,0,1,0,2,46984,41,0,0
72,0,1,0,0,1,0,2,34838,170,0,0
79,1,0,0,0,0,1,0,82716,1167,0,0
65,0,1,0,0,1,0,0,48192,1526,3,1
47,0,1,0,0,0,1,2,49681,458,0,0
52,0,1,0,0,0,1,1,56850,63,0,0
66,0,1,0,0,1,0,1,55267,405,0,0
51,0,1,0,0,1,0,2,59666,1027,1,0
51,1,0,0,0,1,0,1,72504,1478,0,0
42,0,1,0,0,1,0,0,26872,72,0,0
51,1,0,0,0,1,0,1,21359,48,0,1
48,1,0,0,0,1,0,0,73170,726,0,0
68,0,1,0,0,0,1,1,52750,860,0,0
37,0,1,0,0,0,1,0,91820,1497,0,0
53,0,1,0,0,0,1,1,65968,495,0,0
47,0,1,0,0,1,0,2,30772,20,0,0
69,1,0,0,0,1,0,0,22507,570,0,0
51,0,1,0,0,1,0,1,65685,769,0,0
45,0,1,0,1,0,0,1,25804,55,0,0
43,1,0,0,0,0,1,0,76412,1808,2,1
51,0,1,0,0,1,0,1,22063,55,0,0
62,1,0,0,0,1,0,0,57091,577,1,1
60,0,1,0,0,1,0,0,22419,162,0,0
64,0,1,0,0,1,0,1,87771,1957,4,1
64,1,0,0,1,0,0,1,78353,1576,0,0
69,0,1,0,0,1,0,3,93404,1616,2,0
61,1,0,0,0,1,0,3,37859,36,0,0
65,0,0,1,0,0,1,1,80995,1482,0,0
39,0,1,0,0,1,0,1,16529,22,0,0
47,1,0,0,0,0,1,2,55412,63,0,0
31,1,0,0,0,1,0,0,48789,680,0,0
56,0,1,0,0,0,1,2,56575,542,0,0
43,0,1,0,1,0,0,1,25130,50,0,0
56,0,1,0,0,1,0,2,35441,39,0,0
67,0,1,0,0,1,0,1,71391,1043,0,0
51,1,0,0,0,0,1,1,49494,385,0,0
43,1,0,0,0,1,0,0,81702,1633,0,0
43,1,0,0,1,0,0,1,45889,46,0,0
46,1,0,0,0,1,0,1,56628,761,1,0
73,0,1,0,0,1,0,2,34026,76,0,0
49,0,1,0,0,1,0,1,40049,290,0,0
35,1,0,0,0,1,0,1,34176,89,0,0
42,0,1,0,0,1,0,1,19419,70,0,0
63,0,1,0,1,0,0,0,82504,1066,0,0
53,0,1,0,0,1,0,0,81205,2009,3,1
32,1,0,0,1,0,0,0,61618,1345,0,0
67,1,0,0,0,0,1,1,55284,764,0,0
60,1,0,0,0,1,0,1,49980,195,0,0
43,0,1,0,0,1,0,2,15072,53,0,0
49,1,0,0,0,1,0,1,49166,368,0,0
69,0,1,0,0,0,1,1,65324,544,0,0
66,0,1,0,1,0,0,0,82347,1853,2,0
57,0,1,0,0,0,1,2,30843,35,1,0
49,0,1,0,0,0,1,1,46374,446,2,1
44,1,0,0,0,1,0,1,60474,1180,0,0
50,0,1,0,0,0,1,1,38576,41,0,0
38,0,1,0,0,1,0,2,55357,727,0,0
57,0,1,0,0,1,0,2,37758,40,0,0
34,0,1,0,1,0,0,0,85710,1062,1,0
54,0,1,0,0,1,0,1,23228,40,0,0
54,0,1,0,0,0,1,2,44602,292,0,0
36,0,1,0,0,1,0,0,7500,15,0,0
34,0,1,0,1,0,0,1,38683,341,0,0
48,1,0,0,1,0,0,1,49514,369,0,0
50,0,1,0,0,0,1,1,57906,401,0,0
57,1,0,0,0,0,1,1,43456,393,0,0
37,1,0,0,0,0,1,2,19485,10,0,0
45,0,1,0,0,1,0,1,53172,486,0,0
44,0,1,0,0,1,0,1,30545,69,0,0
40,0,1,0,0,0,1,0,70123,1727,2,0
64,1,0,0,0,1,0,1,62450,995,1,0
47,0,1,0,0,1,0,1,21675,45,0,0
42,1,0,0,1,0,0,2,42395,182,0,0
45,0,1,0,0,0,1,1,61346,989,0,0
70,0,1,0,0,1,0,0,80812,1677,3,0
52,1,0,0,0,0,1,2,42835,595,0,0
40,0,1,0,0,1,0,1,39922,156,0,0
67,1,0,0,0,0,1,0,86424,1226,0,0
45,0,1,0,1,0,0,1,17117,128,0,0
51,1,0,0,0,1,0,1,24762,86,1,1
48,0,1,0,0,1,0,1,35797,68,0,0
48,1,0,0,0,1,0,2,36627,16,0,0
42,0,1,0,1,0,0,2,51111,55,0,0
51,1,0,0,0,0,1,0,86857,2114,0,1
53,0,1,0,0,0,1,0,82072,2018,0,0
70,1,0,0,0,0,1,3,46231,263,0,0
64,0,1,0,0,1,0,2,42243,55,0,0
61,0,1,0,0,1,0,2,51195,564,0,0
45,1,0,0,0,0,1,0,68092,1281,0,0
50,0,1,0,0,1,0,1,31814,83,1,0
58,0,0,1,0,0,1,2,51390,353,0,0
40,0,1,0,0,1,0,0,76630,1003,0,0
32,1,0,0,1,0,0,1,26868,14,0,0
80,1,0,0,0,0,1,0,48948,902,1,1
51,1,0,0,0,0,1,1,55260,1139,0,0
67,0,1,0,0,1,0,1,64090,797,0,1
65,1,0,0,0,1,0,1,78331,1638,0,0
49,0,1,0,0,0,1,1,37087,401,0,0
37,1,0,0,0,1,0,1,21846,84,0,0
65,0,1,0,0,1,0,0,81320,928,0,0
53,1,0,0,0,1,0,1,54137,203,0,0
56,0,1,0,0,1,0,0,66825,858,0,0
50,0,1,0,0,1,0,0,57100,409,0,0
54,0,1,0,0,1,0,3,58917,282,0,0
46,1,0,0,0,1,0,0,85072,1423,0,0
62,1,0,0,0,1,0,0,86429,1449,1,1
52,0,0,1,0,1,0,1,45684,28,0,0
49,0,1,0,0,1,0,1,47889,67,0,0
37,0,1,0,0,0,1,0,45921,199,0,0
57,1,0,0,0,0,1,0,78420,1453,0,0
31,0,1,0,0,1,0,0,75114,1253,0,0
60,0,0,1,0,0,1,1,52278,1198,0,1
51,0,1,0,0,0,1,1,35641,178,0,1
29,1,0,0,0,1,0,0,95529,1990,1,1
69,0,1,0,0,1,0,0,62820,976,0,0
63,0,1,0,0,0,1,0,73113,1001,0,0
41,0,1,0,0,0,1,0,84169,1919,2,1
69,1,0,0,1,0,0,1,42607,350,0,0
69,1,0,0,0,0,1,0,74637,1650,1,0
68,0,1,0,0,0,1,2,46015,46,2,0
30,1,0,0,0,1,0,0,72354,1228,0,0
54,1,0,0,0,0,1,1,39858,95,0,1
75,0,1,0,0,0,1,2,34469,62,0,0
37,0,1,0,0,1,0,1,83033,1761,1,0
44,0,1,0,0,0,1,0,24401,467,0,0
45,0,1,0,0,1,0,0,77583,1149,1,0
41,1,0,0,1,0,0,0,74116,2052,1,0
30,1,0,0,0,1,0,0,74293,1127,0,0
47,0,1,0,0,0,1,1,68397,1416,0,0
49,0,1,0,0,0,1,0,79632,1113,0,0
34,1,0,0,0,1,0,1,46107,125,0,0
72,1,0,0,0,0,1,1,64950,966,1,0
34,0,1,0,1,0,0,1,25443,32,0,0
71,1,0,0,0,1,0,0,75127,833,0,0
52,0,1,0,0,0,1,1,32892,46,0,0
52,0,1,0,0,1,0,0,71796,960,0,0
53,0,1,0,0,0,1,1,67536,1829,1,0
52,1,0,0,0,1,0,1,55239,779,0,0
48,1,0,0,0,0,1,1,60554,811,0,0
71,1,0,0,1,0,0,2,64831,1120,0,0
61,0,1,0,0,0,1,1,56067,725,0,0
40,1,0,0,0,1,0,0,82025,1187,1,1
70,0,1,0,0,1,0,0,94384,2302,3,1
37,1,0,0,1,0,0,0,14906,66,0,0
36,0,1,0,0,0,1,0,51563,1250,2,0
41,0,1,0,1,0,0,1,57937,683,0,0
44,1,0,0,0,1,0,2,68274,305,0,0
46,0,1,0,0,1,0,1,39771,50,0,0
48,1,0,0,1,0,0,1,67893,995,0,0
44,0,1,0,0,0,1,1,27922,41,0,0
47,0,1,0,0,0,1,2,52190,77,1,0
50,1,0,0,0,0,1,2,44051,171,0,1
52,1,0,0,0,0,1,2,42767,131,0,0
47,0,1,0,0,0,1,2,46106,54,0,0
47,0,1,0,0,0,1,2,16927,53,0,0
58,0,1,0,0,1,0,1,59754,475,0,1
71,1,0,0,0,1,0,1,53700,694,0,0
50,0,1,0,0,1,0,2,59041,96,0,0
66,1,0,0,0,0,1,1,54237,361,0,0
56,1,0,0,0,1,0,1,70647,1079,0,0
61,1,0,0,0,0,1,1,52597,578,0,0
54,0,1,0,0,0,1,1,41021,64,0,1
48,0,1,0,0,0,1,1,40233,149,0,0
43,0,1,0,0,1,0,2,50183,231,0,0
64,0,1,0,0,1,0,1,54753,728,0,0
50,0,1,0,0,1,0,0,92955,1778,2,1
50,0,1,0,0,1,0,1,33471,93,0,0
49,0,1,0,0,0,1,1,34596,23,0,1
43,0,1,0,0,1,0,1,44010,662,0,0
35,0,1,0,0,1,0,0,84219,1198,0,0
55,0,1,0,0,0,1,3,40706,81,0,0
35,0,1,0,1,0,0,1,15716,92,0,0
64,1,0,0,1,0,0,1,59052,491,0,0
52,0,1,0,0,0,1,0,80573,1564,0,0
61,0,1,0,0,1,0,0,83715,926,0,0
64,0,1,0,0,0,1,0,82576,1910,1,0
58,0,1,0,0,0,1,3,56962,411,0,0
71,0,1,0,0,1,0,2,35704,94,0,0
69,0,1,0,0,1,0,1,53103,1085,1,0
63,0,0,1,1,0,0,2,46779,23,0,0
58,1,0,0,0,1,0,0,4861,6,0,0
44,1,0,0,0,0,1,1,33462,54,0,0
45,1,0,0,0,1,0,1,63693,1150,0,0
73,0,1,0,0,1,0,0,80763,1415,2,1
49,0,1,0,0,0,1,1,65352,405,0,0
45,0,1,0,0,0,1,0,82170,1908,0,0
54,0,1,0,0,1,0,0,75759,2486,3,1
47,1,0,0,1,0,0,0,79689,1315,0,0
67,0,0,1,0,0,1,2,35340,45,0,0
69,1,0,0,0,1,0,0,85683,1789,4,1
51,0,1,0,1,0,0,1,24884,19,0,0
42,0,1,0,0,0,1,1,42021,573,1,0
34,1,0,0,0,1,0,1,64449,805,0,0
69,1,0,0,0,1,0,2,64587,108,0,0
28,1,0,0,0,1,0,0,34824,23,0,0
45,0,1,0,0,1,0,0,75437,1493,1,0
66,0,1,0,0,1,0,2,26091,89,0,0
50,0,1,0,0,1,0,1,52845,936,1,0
67,1,0,0,0,1,0,1,46086,343,0,0
67,0,0,1,0,0,1,1,78028,528,2,1
36,1,0,0,0,0,1,0,95169,1901,2,1
42,0,1,0,1,0,0,2,56337,724,2,1
36,0,1,0,0,1,0,1,22434,58,0,0
69,0,1,0,0,0,1,1,36930,297,0,0
69,1,0,0,0,1,0,1,36130,488,1,1
70,0,1,0,0,0,1,1,65569,859,0,0
71,0,1,0,0,1,0,0,83844,1574,1,0
55,0,1,0,0,1,0,2,19514,69,1,0
60,1,0,0,0,0,1,2,36736,17,0,0
44,0,1,0,0,1,0,1,77568,2194,3,0
47,0,1,0,0,0,1,1,49187,116,0,0
45,1,0,0,0,1,0,1,30168,279,0,0
55,0,1,0,0,0,1,1,34053,103,0,0
52,0,1,0,0,0,1,2,38196,44,0,0
72,0,1,0,0,0,1,0,59412,406,0,0
58,0,1,0,1,0,0,0,70924,1363,1,0
54,0,1,0,0,1,0,0,54165,236,0,0
50,0,1,0,0,1,0,1,32300,39,0,0
47,1,0,0,0,1,0,0,20180,137,0,0
50,0,1,0,0,1,0,1,34961,79,0,0
49,0,1,0,0,0,1,1,28440,63,0,0
70,0,1,0,0,0,1,3,64504,1314,0,1
57,0,1,0,0,0,1,1,33564,71,0,0
45,0,1,0,0,1,0,1,17345,58,0,0
56,0,1,0,0,0,1,1,56320,702,0,0
45,1,0,0,0,1,0,1,28647,94,1,1
36,1,0,0,1,0,0,1,15038,80,0,0
65,1,0,0,0,0,1,1,32173,22,0,0
59,0,1,0,1,0,0,1,68316,1211,0,0
52,0,1,0,0,1,0,0,74538,1461,1,1
52,1,0,0,0,1,0,0,91700,1968,0,1
54,0,1,0,0,1,0,0,68695,1091,0,0
46,0,1,0,1,0,0,1,31056,55,0,0
50,0,1,0,0,1,0,0,79593,1366,1,0
43,1,0,0,0,1,0,0,28071,313,0,0
65,0,1,0,0,0,1,2,37334,62,0,0
51,1,0,0,0,0,1,2,46423,92,0,0
52,0,1,0,0,0,1,1,37126,72,1,1
70,0,1,0,0,1,0,1,47703,655,0,0
64,0,1,0,0,1,0,1,61180,704,1,0
69,0,1,0,0,1,0,2,38998,54,0,0
32,1,0,0,0,1,0,0,8028,178,0,0
61,0,1,0,0,1,0,0,76081,1033,1,0
37,0,1,0,0,1,0,1,34728,36,0,1
58,1,0,0,0,0,1,1,33168,122,0,0
57,0,1,0,0,0,1,1,33585,122,0,0
63,0,1,0,0,0,1,1,77037,1123,0,0
39,0,1,0,0,1,0,1,35196,497,0,1
57,0,1,0,0,1,0,1,44529,691,1,0
58,0,1,0,1,0,0,0,70924,1363,1,0
57,0,1,0,0,0,1,2,28764,12,1,0
74,0,1,0,0,0,1,0,69098,2440,0,0
53,1,0,0,1,0,0,2,25959,56,0,1
40,0,1,0,0,0,1,1,27100,37,0,0
38,1,0,0,0,1,0,0,70596,968,0,0
49,0,1,0,0,1,0,1,42557,270,0,0
72,0,1,0,0,0,1,0,53312,278,0,0
71,1,0,0,0,1,0,0,72228,1250,0,0
36,0,1,0,0,1,0,0,67605,938,0,0
74,0,1,0,0,0,1,2,62845,1178,1,0
65,0,1,0,0,1,0,2,65196,1155,1,0
36,1,0,0,0,0,1,0,42000,653,0,1
50,1,0,0,0,0,1,2,35860,49,1,0
59,0,1,0,0,0,1,1,65526,506,0,0
62,0,1,0,0,1,0,2,16860,38,0,0
31,1,0,0,0,1,0,0,83528,1650,2,1
58,1,0,0,1,0,0,1,64176,1826,0,0
67,1,0,0,0,1,0,0,22304,18,0,0
45,0,1,0,0,1,0,0,67023,906,0,0
52,0,1,0,0,0,1,1,32892,46,0,0
57,0,1,0,0,1,0,1,70713,1477,0,0
68,0,1,0,0,1,0,1,59925,766,0,0
70,0,1,0,0,1,0,1,39722,47,0,0
65,0,1,0,0,1,0,0,46610,467,0,0
62,0,1,0,0,1,0,0,88347,2116,1,0
42,0,1,0,0,0,1,0,87171,1298,2,0
47,0,1,0,1,0,0,2,26907,22,0,0
55,1,0,0,0,0,1,1,50014,396,0,0
45,0,1,0,0,0,1,1,41014,20,0,0
58,1,0,0,0,1,0,0,66294,967,0,0
52,0,1,0,0,1,0,1,36715,357,0,1
67,0,1,0,0,1,0,0,79456,1401,0,1
41,0,1,0,0,1,0,1,40479,15,0,0
53,1,0,0,0,0,1,0,75345,2087,1,1
46,0,1,0,0,1,0,1,54233,981,0,0
53,1,0,0,0,1,0,2,24163,17,0,0
65,0,1,0,0,0,1,0,84460,523,4,1
40,0,1,0,0,1,0,1,43776,23,0,0
65,1,0,0,0,0,1,0,71691,1192,0,1
50,0,1,0,0,0,1,0,85844,1958,1,0
49,1,0,0,0,0,1,1,39190,133,0,0
64,0,1,0,0,1,0,0,71367,777,0,0
51,1,0,0,0,0,1,2,38578,73,0,0
58,0,1,0,0,0,1,2,57236,121,0,0
44,1,0,0,0,1,0,1,61825,424,0,0
65,1,0,0,0,1,0,1,79803,868,0,0
37,1,0,0,1,0,0,0,80910,756,0,0
41,0,1,0,0,0,1,1,27590,12,0,0
44,0,1,0,0,1,0,1,56775,937,0,0
48,1,0,0,0,1,0,0,83829,1862,3,1
44,0,1,0,1,0,0,1,54210,367,0,0
37,0,1,0,0,1,0,1,38508,443,0,0
53,0,1,0,0,1,0,1,53187,267,0,0
51,0,1,0,0,1,0,1,30023,61,0,0
63,1,0,0,0,0,1,0,76045,1323,1,0
71,0,1,0,0,0,1,1,50870,63,0,0
53,0,1,0,1,0,0,0,15315,64,0,0
49,0,1,0,1,0,0,1,65463,562,1,0
58,0,1,0,0,1,0,2,66480,312,0,0
69,1,0,0,0,1,0,0,76773,1156,0,0
40,1,0,0,1,0,0,0,81698,1104,1,1
50,1,0,0,0,0,1,2,54466,16,0,0
63,1,0,0,0,0,1,0,98777,2008,1,0
39,1,0,0,0,0,1,1,16269,44,0,0
52,0,1,0,0,1,0,1,71819,1574,2,0
40,0,1,0,0,0,1,1,33569,63,1,1
40,0,1,0,0,0,1,0,36262,426,1,1
57,0,1,0,1,0,0,0,22634,96,0,0
45,0,1,0,1,0,0,1,47025,635,0,0
55,1,0,0,0,1,0,1,70566,757,0,0
44,0,1,0,0,0,1,1,31605,125,0,0
50,1,0,0,0,0,1,2,52034,332,0,0
44,1,0,0,0,1,0,1,48526,135,0,0
69,0,1,0,0,1,0,1,46734,330,0,0
61,1,0,0,0,1,0,2,39552,384,0,1
57,1,0,0,0,1,0,2,86358,1722,0,0
46,0,1,0,0,1,0,3,46931,78,0,0
38,1,0,0,1,0,0,0,16581,24,0,0
71,1,0,0,1,0,0,0,63998,1168,0,1
72,0,1,0,0,0,1,1,67381,957,1,0
56,1,0,0,0,1,0,2,25930,15,0,0
45,0,1,0,0,1,0,1,42693,57,0,0
47,0,1,0,0,1,0,1,85606,1956,1,0
38,1,0,0,0,1,0,0,72903,2013,3,1
49,0,1,0,1,0,0,1,49669,326,0,0
55,0,1,0,0,0,1,2,36778,77,0,0
61,1,0,0,0,0,1,0,85696,1313,0,1
34,1,0,0,0,0,1,0,10979,30,0,0
62,0,1,0,0,1,0,1,49678,315,0,0
70,0,1,0,0,0,1,1,56129,660,0,0
34,0,1,0,0,1,0,1,37155,74,0,0
45,1,0,0,1,0,0,1,21282,46,0,0
61,1,0,0,0,0,1,1,33419,86,0,0
78,0,0,1,0,1,0,0,63285,1103,0,0
49,0,1,0,0,0,1,1,21255,61,0,0
42,0,1,0,0,1,0,1,42162,145,1,1
67,0,1,0,0,1,0,2,54450,684,0,0
69,0,1,0,0,0,1,1,57744,411,0,0
37,1,0,0,0,1,0,1,26576,27,1,1
80,0,0,1,0,0,1,0,57513,1060,0,0
59,0,1,0,0,1,0,1,68142,1459,0,0
44,0,1,0,0,1,0,1,7500,18,0,0
49,0,1,0,0,1,0,0,83145,1833,1,1
63,0,1,0,0,0,1,1,54197,237,0,0
60,1,0,0,0,0,1,2,23091,48,0,0
47,0,1,0,0,1,0,2,46049,515,0,1
49,0,1,0,0,1,0,0,56715,1020,0,0
62,0,1,0,0,1,0,0,79410,1370,0,0
72,0,1,0,0,1,0,1,57304,1026,0,0
58,0,1,0,0,1,0,1,44375,301,0,0
67,0,1,0,0,1,0,2,54450,684,0,0
58,0,1,0,0,1,0,1,59594,499,1,0
29,0,1,0,0,1,0,0,80685,1004,0,0
49,0,1,0,0,0,1,1,40344,218,0,0
51,0,1,0,0,1,0,1,62710,606,0,0
55,0,1,0,1,0,0,1,48985,75,0,0
55,0,1,0,0,1,0,3,35322,106,0,0
75,0,1,0,0,1,0,0,77142,990,0,0
54,1,0,0,0,1,0,0,81657,1097,0,0
27,0,1,0,1,0,0,0,14421,16,1,0
49,0,1,0,1,0,0,0,20130,34,0,0
33,0,1,0,0,0,1,0,74214,1711,0,0
66,0,1,0,0,0,1,2,66726,438,1,0
44,0,1,0,1,0,0,1,23724,75,0,0
63,0,1,0,0,0,1,1,47353,225,0,0
71,0,1,0,0,0,1,2,33444,18,0,0
42,0,1,0,0,1,0,1,54386,470,0,0
42,1,0,0,0,1,0,2,28510,91,0,0
32,1,0,0,0,0,1,0,90638,2525,1,0
73,0,1,0,0,1,0,1,48070,504,0,0
66,0,1,0,0,1,0,1,43140,235,0,0
62,1,0,0,0,0,1,1,54959,1232,1,1
65,1,0,0,1,0,0,2,15056,88,0,0
52,1,0,0,0,1,0,1,26954,17,0,0
38,1,0,0,0,1,0,1,22327,24,0,0
58,0,1,0,0,1,0,2,44393,60,0,0
71,1,0,0,0,0,1,1,62000,1020,1,0
61,0,1,0,0,0,1,1,31497,155,0,0
49,0,1,0,1,0,0,2,45894,51,0,0
53,1,0,0,0,0,1,0,78579,1812,0,1
54,0,0,1,0,0,1,1,67369,1461,2,1
63,1,0,0,0,1,0,1,58401,96,0,0
71,1,0,0,0,1,0,1,62307,160,0,0
54,0,1,0,0,0,1,2,43641,139,0,0
55,1,0,0,0,0,1,1,63841,908,0,0
58,0,1,0,1,0,0,1,46891,183,0,0
54,0,1,0,0,0,1,1,70091,1161,1,0
51,0,1,0,0,0,1,0,78075,988,0,0
62,0,0,1,1,0,0,1,59184,1072,0,0
46,0,1,0,0,1,0,2,54809,174,0,0
64,0,1,0,0,1,0,1,58113,758,0,0
65,0,1,0,0,0,1,1,51412,195,0,0
44,1,0,0,0,1,0,1,15287,31,1,1
66,0,1,0,0,0,1,0,66636,1084,0,0
67,0,1,0,0,0,1,1,50965,685,1,0
58,0,1,0,0,0,1,0,84618,1672,1,0
33,0,1,0,0,1,0,0,18351,43,0,0
66,0,1,0,0,0,1,2,40451,49,1,0
58,0,1,0,0,1,0,1,36317,133,0,0
66,0,1,0,0,1,0,1,42213,363,1,0
68,0,1,0,0,1,0,1,65748,545,0,0
51,0,1,0,0,1,0,1,77044,1065,1,0
54,0,1,0,0,1,0,0,74918,2047,1,0
51,0,1,0,0,1,0,2,56721,296,0,0
48,1,0,0,0,1,0,2,42160,140,0,1
58,1,0,0,0,1,0,1,61559,530,0,0
60,0,1,0,0,0,1,2,33629,152,0,0
32,0,1,0,0,0,1,0,68682,1598,0,0
60,1,0,0,0,1,0,1,34377,114,0,0
37,1,0,0,1,0,0,1,8940,101,0,0
50,0,1,0,0,1,0,1,26228,25,0,0
66,1,0,0,1,0,0,0,77297,789,1,0
42,0,1,0,0,1,0,2,40211,87,1,0
65,0,0,1,0,0,1,2,33438,90,0,0
64,0,1,0,0,0,1,1,75032,1215,0,0
68,1,0,0,0,0,1,0,61284,811,1,0
37,0,1,0,0,1,0,1,22518,61,1,1
48,0,1,0,0,0,1,1,54730,405,0,0
68,0,1,0,0,0,1,2,38452,72,0,0
52,1,0,0,0,1,0,2,44421,189,0,0
37,0,1,0,0,0,1,1,38197,40,0,0
45,1,0,0,0,1,0,1,41986,63,0,0
40,0,1,0,0,1,0,1,28427,52,0,0
47,0,1,0,0,0,1,1,37395,39,0,0
52,0,1,0,0,1,0,1,64722,805,0,0
67,0,1,0,0,0,1,1,55249,130,0,0
51,0,1,0,0,1,0,0,84906,1631,3,0
34,0,1,0,0,1,0,1,28691,34,0,0
71,1,0,0,0,1,0,2,44213,152,0,0
39,1,0,0,1,0,0,1,25707,21,0,0
56,0,1,0,0,0,1,3,59062,71,0,0
61,1,0,0,0,1,0,1,76624,899,1,0
76,0,1,0,0,0,1,0,66000,711,0,0
45,0,1,0,0,0,1,1,27683,351,0,0
52,1,0,0,0,1,0,0,1730,8,0,0
31,1,0,0,1,0,0,1,7500,119,0,0
55,0,1,0,0,1,0,2,40521,21,0,0
50,0,1,0,0,0,1,1,20427,10,0,0
48,0,1,0,0,1,0,1,65106,973,1,0
58,0,1,0,0,0,1,0,69969,1536,2,1
71,0,1,0,0,1,0,2,67433,992,1,0
56,0,1,0,0,0,1,1,77766,1529,1,1
51,0,1,0,0,1,0,1,74716,860,0,0
60,1,0,0,0,1,0,1,68118,928,0,0
53,0,1,0,0,0,1,2,55158,418,0,1
68,0,1,0,1,0,0,1,62972,587,0,1
48,0,1,0,0,1,0,1,74190,641,0,0
47,0,1,0,0,1,0,2,39356,23,1,0
54,0,1,0,0,1,0,0,76653,2279,2,0
50,1,0,0,0,0,1,2,35860,49,1,0
40,1,0,0,0,0,1,0,90687,1779,1,1
41,0,1,0,0,0,1,0,73450,1804,2,0
63,0,1,0,0,1,0,2,31454,48,0,0
71,1,0,0,0,1,0,2,47139,83,0,1
48,1,0,0,0,1,0,0,83829,1862,3,1
60,0,1,0,0,0,1,2,53378,793,0,1
53,0,1,0,0,1,0,1,19656,84,0,0
75,0,1,0,0,0,1,1,45579,183,0,0
65,1,0,0,1,0,0,0,85485,1383,0,0
79,0,1,0,0,1,0,0,55956,999,1,0
60,1,0,0,0,0,1,1,64191,825,0,0
51,1,0,0,0,1,0,1,38808,246,1,1
57,0,1,0,0,0,1,2,57183,610,0,0
55,1,0,0,0,0,1,1,23748,76,0,0
52,0,1,0,0,1,0,1,66303,1286,1,0
48,0,1,0,0,0,1,1,37368,30,1,0
59,0,1,0,0,1,0,3,40800,99,0,0
45,1,0,0,0,1,0,0,71847,1192,1,0
48,0,1,0,0,1,0,1,46149,362,0,0
40,0,1,0,0,1,0,0,78687,2130,1,1
52,1,0,0,1,0,0,0,49118,1229,2,1
66,0,1,0,0,0,1,2,37633,38,0,0
72,0,1,0,0,0,1,0,39767,485,0,0
72,0,1,0,1,0,0,0,26997,434,0,0
53,1,0,0,0,1,0,1,33986,44,0,0
51,0,1,0,0,0,1,1,57091,496,1,1
54,0,1,0,1,0,0,2,46831,78,0,0
51,0,1,0,0,0,1,0,83151,2346,3,1
52,0,1,0,0,1,0,0,52531,794,0,0
67,0,1,0,0,1,0,0,15759,17,0,0
52,1,0,0,0,1,0,1,22804,26,0,0
50,0,1,0,1,0,0,1,43050,76,0,0
46,1,0,0,0,0,1,2,42997,15,0,0
60,1,0,0,0,0,1,2,48918,62,0,0
69,0,1,0,0,0,1,1,60033,198,0,0
45,0,1,0,0,0,1,1,34043,49,0,0
57,0,1,0,0,1,0,1,57811,802,1,0
77,0,1,0,0,1,0,0,78569,1736,1,1
45,1,0,0,0,1,0,2,7500,57,0,0
52,0,1,0,0,0,1,1,157733,59,0,0
70,0,1,0,0,1,0,0,94384,2302,3,1
38,0,1,0,1,0,0,0,23148,37,0,0
53,1,0,0,0,1,0,2,44267,310,0,0
44,0,1,0,0,1,0,0,71626,1305,1,0
57,0,1,0,0,1,0,1,60894,832,0,0
47,0,1,0,0,1,0,2,50200,401,0,0
58,0,1,0,0,0,1,0,81051,1501,2,0
41,0,1,0,0,1,0,0,65169,1189,4,1
51,0,1,0,0,1,0,1,59868,1194,0,0
63,0,1,0,0,0,1,1,65695,656,0,0
67,1,0,0,0,0,1,0,64857,1540,0,0
58,0,1,0,0,0,1,1,45143,311,0,0
68,0,1,0,1,0,0,1,74805,820,0,0
34,0,1,0,1,0,0,1,59060,274,0,0
61,1,0,0,0,0,1,2,27238,57,0,0
58,0,1,0,0,1,0,1,47009,448,0,0
50,0,1,0,1,0,0,2,46094,44,0,0
51,0,1,0,0,1,0,2,40321,102,0,0
39,0,1,0,0,1,0,1,37235,61,0,0
63,0,1,0,0,0,1,0,81843,1643,0,0
65,0,1,0,0,0,1,1,46692,397,0,0
55,0,1,0,0,1,0,1,77382,1121,1,0
46,1,0,0,0,1,0,2,37774,473,1,1
49,0,1,0,1,0,0,1,18393,50,0,0
61,0,1,0,0,0,1,1,72828,1678,0,0
41,0,1,0,0,1,0,0,24711,58,0,0
48,0,1,0,0,0,1,1,45503,170,0,0
41,1,0,0,0,0,1,0,6560,373,0,0
78,0,1,0,0,0,1,0,71604,1196,1,1
44,0,1,0,0,1,0,1,27244,101,0,0
54,0,1,0,0,1,0,2,48752,316,0,1
61,0,1,0,0,1,0,1,71434,1400,2,0
75,1,0,0,0,1,0,0,90842,1424,0,0
45,0,1,0,0,0,1,1,88097,844,3,1
48,0,1,0,0,1,0,1,51948,311,0,0
41,0,1,0,0,1,0,0,71853,1149,0,0
40,0,1,0,0,0,1,0,35876,129,0,0
71,0,0,1,0,1,0,1,40049,32,0,0
41,1,0,0,0,1,0,1,39660,299,0,1
61,0,1,0,0,1,0,1,50127,320,1,0
46,0,1,0,0,0,1,1,43263,441,0,0
74,0,1,0,0,0,1,2,62845,1178,1,1
33,0,1,0,0,1,0,0,18929,85,0,0
41,1,0,0,1,0,0,1,24367,24,0,0
48,1,0,0,0,1,0,1,33249,112,0,0
64,0,1,0,1,0,0,1,26887,30,0,0
40,0,1,0,0,0,1,0,50150,410,0,0
47,0,1,0,0,1,0,1,62061,800,1,0
61,1,0,0,0,0,1,0,85696,1313,0,1
67,0,1,0,0,0,1,0,76542,1483,0,0
30,1,0,0,0,1,0,0,70515,1258,0,1
36,0,1,0,0,1,0,1,18227,28,0,0
58,0,1,0,0,1,0,1,69139,227,0,0
41,0,1,0,0,1,0,0,69109,1555,1,1
61,1,0,0,0,1,0,1,69627,861,0,0
45,0,1,0,0,1,0,1,38136,103,1,0
77,1,0,0,0,0,1,0,62159,634,0,0
60,1,0,0,0,1,0,0,80695,1918,0,0
52,1,0,0,0,0,1,2,33316,131,0,0
55,0,1,0,0,1,0,2,58554,586,0,0
31,0,1,0,1,0,0,1,17256,62,1,0
49,1,0,0,0,1,0,2,53034,447,0,0
73,0,1,0,1,0,0,0,52203,939,0,0
46,1,0,0,1,0,0,1,59601,797,1,0
65,1,0,0,0,0,1,1,75154,1143,0,1
47,1,0,0,0,1,0,1,47025,415,0,0
50,0,1,0,0,1,0,1,37971,30,0,0
55,1,0,0,0,0,1,1,41335,187,0,0
65,0,1,0,0,1,0,1,67267,251,0,0
48,1,0,0,0,1,0,1,57338,237,0,0
63,0,1,0,1,0,0,2,50523,91,0,0
58,1,0,0,0,0,1,3,35791,35,0,0
63,1,0,0,0,0,1,1,50611,493,1,0
54,0,1,0,0,0,1,1,56242,971,0,0
63,1,0,0,0,1,0,1,48904,371,0,0
48,1,0,0,0,1,0,3,56243,396,0,0
38,0,1,0,0,1,0,1,21355,68,1,1
52,0,1,0,0,0,1,1,57420,322,1,0
68,1,0,0,0,0,1,1,46390,222,0,0
67,0,1,0,1,0,0,2,54342,177,0,0
50,0,1,0,0,1,0,1,20895,45,0,0
75,0,1,0,0,1,0,0,92344,1899,2,0
47,0,1,0,1,0,0,2,26907,22,0,0
43,0,1,0,0,1,0,2,44964,41,0,0
44,0,1,0,0,1,0,0,75507,1440,0,0
51,0,1,0,0,0,1,2,53761,325,0,0
50,0,1,0,0,1,0,1,22682,95,0,0
51,0,1,0,0,0,1,1,38887,42,0,0
48,1,0,0,1,0,0,2,41658,72,0,0
51,0,1,0,0,0,1,1,29791,20,0,0
67,0,1,0,0,0,1,2,63915,789,0,0
49,1,0,0,0,1,0,2,39996,15,0,0
51,1,0,0,0,1,0,1,26759,59,0,0
55,1,0,0,0,0,1,1,63841,908,0,0
54,0,1,0,0,0,1,2,51039,417,0,0
62,0,1,0,0,1,0,2,60544,289,0,0
51,0,1,0,0,1,0,1,65685,769,0,0
70,0,1,0,0,1,0,1,37716,188,0,0
66,1,0,0,0,1,0,1,36864,354,0,1
53,0,1,0,0,0,1,1,44511,727,0,0
56,0,1,0,0,0,1,2,36947,146,0,0
72,0,1,0,0,0,1,1,47352,319,0,0
70,0,1,0,0,0,1,1,67087,794,0,0
73,0,1,0,0,1,0,1,57045,454,0,0
70,1,0,0,0,0,1,2,36957,152,0,1
46,0,1,0,0,0,1,1,69389,797,0,0
51,0,1,0,0,1,0,1,80134,1690,3,1
54,0,1,0,0,0,1,2,43142,20,0,0
79,0,1,0,0,1,0,0,80589,1428,1,1
33,1,0,0,0,1,0,1,34412,209,0,0
44,1,0,0,0,1,0,1,57537,545,0,0
57,0,1,0,1,0,0,0,22634,96,0,0
75,0,1,0,0,1,0,0,51315,222,0,0
51,0,1,0,0,1,0,3,36026,61,0,0
50,0,1,0,0,1,0,2,24639,44,0,0
51,0,1,0,0,0,1,3,34578,8,0,0
51,1,0,0,1,0,0,0,65704,817,0,0
57,1,0,0,0,1,0,1,63810,1371,1,0
54,0,1,0,0,0,1,1,54132,42,0,0
64,0,1,0,0,1,0,0,18690,60,0,0
53,0,1,0,0,1,0,1,28164,78,0,0
49,0,1,0,0,0,1,1,34596,23,0,0
51,0,1,0,0,0,1,1,43269,19,0,0
65,1,0,0,1,0,0,2,38741,61,0,0
51,1,0,0,0,1,0,0,31907,449,0,0
40,0,1,0,0,0,1,1,27100,37,0,0
50,1,0,0,1,0,0,1,31163,38,0,0
38,0,1,0,0,1,0,0,92533,1131,2,0
50,1,0,0,0,1,0,2,34853,34,0,0
56,1,0,0,0,1,0,2,70844,294,0,0
44,0,1,0,1,0,0,2,31086,48,1,0
62,0,1,0,0,1,0,2,60544,289,0,0
37,0,1,0,1,0,0,0,20491,30,0,0
59,0,1,0,0,1,0,0,42523,125,0,0
40,0,1,0,0,1,0,1,39922,156,0,0
71,0,1,0,0,1,0,2,33402,70,0,0
74,0,1,0,0,0,1,2,36408,22,0,0
44,0,1,0,0,1,0,1,21645,65,0,1
75,0,0,1,0,0,1,0,78427,1930,1,1
77,0,1,0,0,1,0,0,82657,2283,2,0
65,0,1,0,0,1,0,0,51876,310,0,0
52,0,1,0,1,0,0,0,78041,1319,0,0
66,0,1,0,0,1,0,1,52852,879,1,0
41,0,1,0,0,0,1,0,70038,1244,0,0
50,0,1,0,1,0,0,1,69401,690,0,0
51,0,1,0,0,1,0,1,46053,209,0,0
58,0,1,0,0,1,0,0,77343,1134,0,0
70,1,0,0,0,1,0,0,73892,1507,0,1
56,1,0,0,0,0,1,1,40304,57,0,0
58,0,1,0,0,0,1,0,32727,529,0,0
54,0,1,0,0,1,0,0,68695,1091,0,0
52,1,0,0,0,1,0,1,43300,180,0,1
51,0,1,0,0,1,0,2,26290,77,0,0
53,1,0,0,0,1,0,0,93790,2349,3,1
49,0,1,0,0,0,1,0,38410,534,0,1
73,0,0,1,0,0,1,1,64866,556,1,0
64,0,1,0,0,1,0,1,57957,637,0,0
68,0,1,0,0,0,1,2,46015,46,2,0
45,0,1,0,0,1,0,1,16531,44,0,0
37,0,1,0,0,0,1,1,28072,47,0,0
60,1,0,0,0,0,1,1,49476,795,0,0
70,0,1,0,0,1,0,1,50725,586,0,0
71,0,1,0,0,1,0,0,83844,1574,1,0
73,0,1,0,0,0,1,2,41145,13,0,0
53,0,1,0,0,1,0,1,67419,1471,0,0
53,0,1,0,1,0,0,2,23162,65,0,0
46,0,1,0,0,1,0,1,34380,175,0,0
57,1,0,0,0,1,0,1,34704,40,0,0
54,0,1,0,0,0,1,2,94871,1078,2,1
65,0,1,0,0,1,0,1,65148,1115,0,0
69,0,1,0,0,1,0,1,39898,134,0,0
67,1,0,0,0,0,1,0,64857,1540,0,0
53,0,1,0,0,0,1,1,59892,87,0,0
36,1,0,0,0,0,1,0,41020,217,0,0
62,0,1,0,0,0,1,1,57072,1034,1,0
44,1,0,0,0,1,0,1,60474,1180,0,0
63,0,1,0,0,1,0,1,62807,819,0,0
42,0,1,0,1,0,0,1,19414,32,0,0
43,0,1,0,0,1,0,1,19107,46,0,0
47,0,1,0,1,0,0,1,75484,1159,0,0
47,1,0,0,0,0,1,1,70379,860,0,0
53,0,1,0,0,0,1,0,79419,1631,0,0
77,0,1,0,0,0,1,3,64014,444,1,0
68,0,1,0,0,1,0,1,76998,1910,1,0
51,0,1,0,0,0,1,1,49854,380,0,0
52,0,1,0,0,0,1,2,60585,736,0,1
73,1,0,0,0,0,1,2,42873,269,0,0
35,0,1,0,0,1,0,0,87679,2524,3,1
45,0,1,0,0,1,0,1,57867,612,0,0
33,0,1,0,0,1,0,1,35765,75,0,0
64,0,1,0,0,1,0,0,65492,1045,0,0
46,1,0,0,0,1,0,1,32952,55,0,0
54,0,1,0,0,0,1,1,53374,1064,1,1
64,0,1,0,0,1,0,1,71706,1443,0,0
35,0,1,0,0,1,0,0,68487,1366,0,0
48,0,1,0,0,0,1,2,53253,436,0,0
50,1,0,0,1,0,0,1,31163,38,0,0
46,0,1,0,0,1,0,1,42014,436,0,1
50,0,1,0,0,0,1,2,54108,747,0,0
68,1,0,0,0,0,1,0,49667,1396,1,1
49,0,1,0,0,0,1,0,63206,928,1,0
51,0,1,0,0,0,1,2,57136,642,0,0
48,0,1,0,1,0,0,1,46772,1048,1,0
52,0,1,0,0,0,1,0,78931,943,0,0
65,0,1,0,0,1,0,1,53977,907,0,0
35,0,1,0,0,1,0,0,84219,1198,0,0
48,1,0,0,0,0,1,2,46098,120,0,0
58,0,1,0,0,1,0,1,73538,1658,0,0
37,0,1,0,0,1,0,0,79529,1638,0,0
46,0,1,0,1,0,0,0,20981,73,0,1
43,1,0,0,0,1,0,1,51766,275,0,0
61,0,1,0,0,1,0,1,55759,854,0,0
45,0,1,0,0,1,0,1,33039,78,0,0
51,0,1,0,0,0,1,1,37787,106,0,0
53,1,0,0,0,1,0,1,27242,106,0,1
40,1,0,0,0,0,1,0,87188,1923,0,1
52,0,1,0,0,1,0,0,69930,1662,0,0
47,1,0,0,0,1,0,1,37697,84,0,0
50,0,1,0,0,0,1,1,37401,48,0,0
50,1,0,0,0,1,0,1,3502,5,0,0
47,0,1,0,0,1,0,2,58597,733,0,0
75,0,0,1,0,0,1,0,82032,1234,0,0
65,0,1,0,0,1,0,2,28087,112,0,0
36,1,0,0,0,0,1,0,74004,1658,2,1
63,0,1,0,0,1,0,1,19740,55,0,0
48,0,1,0,1,0,0,1,57036,1513,1,0
65,0,1,0,1,0,0,2,53083,271,1,0
48,0,1,0,0,0,1,1,69283,904,0,0
48,1,0,0,0,0,1,2,46098,120,0,1
35,0,1,0,1,0,0,1,23331,103,0,0
35,1,0,0,1,0,0,1,23331,269,0,0
34,1,0,0,0,1,0,1,9255,22,0,0
64,0,0,1,0,0,1,0,67786,1156,0,1
52,0,1,0,0,0,1,1,71969,1086,1,0
56,1,0,0,0,0,1,1,59235,1128,0,0
34,0,1,0,0,1,0,1,31928,72,0,0
62,0,1,0,0,0,1,2,74881,964,0,0
45,0,1,0,0,1,0,0,65819,1383,0,0
70,1,0,0,0,0,1,3,51411,18,0,0
59,1,0,0,0,1,0,1,51983,793,0,0
37,0,1,0,0,0,1,1,42386,100,0,0
36,0,1,0,1,0,0,0,30390,80,0,0
60,1,0,0,0,1,0,0,30983,167,0,1
66,0,0,1,0,1,0,1,66033,677,0,0
48,0,1,0,1,0,0,2,37284,23,0,0
72,1,0,0,0,0,1,1,57530,92,0,0
58,0,1,0,1,0,0,0,76800,641,0,0
67,0,1,0,0,1,0,1,63943,1106,0,0
61,0,1,0,0,1,0,0,76081,1033,1,0
49,0,1,0,0,1,0,1,67445,1174,0,0
56,0,1,0,0,0,1,2,37054,25,0,0
61,0,1,0,0,0,1,2,47175,240,1,1
47,1,0,0,0,1,0,1,31859,20,0,0
62,1,0,0,0,1,0,3,27215,102,0,0
47,1,0,0,0,0,1,1,70179,1034,0,0
40,0,1,0,0,1,0,1,39922,156,0,0
47,0,1,0,0,0,1,2,49681,458,0,0
35,0,1,0,0,1,0,1,24645,17,0,0
69,1,0,0,0,1,0,1,79865,792,0,0
38,0,1,0,0,1,0,1,44322,92,0,0
71,1,0,0,0,1,0,1,47958,407,0,0
59,1,0,0,0,0,1,1,63972,1269,1,0
69,0,1,0,0,1,0,1,75315,841,0,0
73,0,1,0,0,0,1,2,55517,633,0,1
66,0,1,0,0,0,1,3,75283,1019,0,0
77,1,0,0,0,0,1,0,82800,1315,2,1
69,0,1,0,0,1,0,2,38998,54,0,0
32,1,0,0,0,0,1,0,90638,2525,1,1
37,0,1,0,0,0,1,1,27161,52,0,0
46,0,1,0,0,1,0,1,42014,436,0,1
63,0,1,0,0,0,1,1,38201,268,0,0
41,0,1,0,0,1,0,2,45203,147,0,1
76,0,1,0,0,0,1,0,81574,1798,2,0
31,0,1,0,0,1,0,0,34935,137,0,0
47,1,0,0,0,0,1,1,60482,507,0,0
67,0,1,0,0,1,0,3,34633,15,0,0
76,0,1,0,0,0,1,0,78093,1105,0,0
73,1,0,0,0,1,0,0,82460,974,0,0
57,0,1,0,0,0,1,1,45903,66,0,0
36,1,0,0,0,1,0,0,81361,778,0,1
50,1,0,0,0,0,1,2,35860,49,1,1
71,0,1,0,0,0,1,2,40442,169,0,1
58,0,1,0,0,1,0,0,61482,299,0,0
43,0,1,0,0,1,0,1,34968,221,0,0
36,0,1,0,0,1,0,0,75794,1682,1,0
61,0,1,0,0,0,1,1,31497,155,0,0
68,0,1,0,0,1,0,0,74268,892,0,0
35,0,1,0,1,0,0,1,13724,58,1,0
58,0,1,0,0,0,1,1,45143,311,0,0
56,1,0,0,0,0,1,1,52569,95,0,0
50,1,0,0,0,0,1,1,48432,424,0,1
63,0,1,0,0,0,1,2,17144,47,0,0
39,1,0,0,0,1,0,1,36108,339,1,0
52,0,1,0,0,1,0,1,76445,1410,0,0
48,0,1,0,0,0,1,1,36663,35,0,0
58,0,1,0,0,0,1,1,53843,562,0,0
67,0,1,0,0,0,1,0,90226,2352,1,0
68,1,0,0,0,0,1,0,70638,1334,1,0
63,0,1,0,0,1,0,2,44512,32,0,0
62,0,1,0,0,1,0,2,27116,41,0,0
60,0,1,0,0,0,1,2,54072,39,0,0
46,0,1,0,0,1,0,1,71855,1141,0,0
33,1,0,0,1,0,0,1,51250,710,1,0
50,0,1,0,0,0,1,1,60432,401,0,0
59,0,1,0,0,0,1,1,65526,506,0,0
35,1,0,0,0,1,0,0,68655,1538,0,0
45,0,1,0,1,0,0,0,12393,57,0,0
33,1,0,0,0,1,0,0,64509,1722,1,1
48,1,0,0,0,1,0,1,33955,270,0,0
46,0,1,0,0,1,0,2,31353,31,0,1
39,0,1,0,0,1,0,1,55434,882,0,0
40,0,1,0,0,1,0,1,28359,16,0,0
36,1,0,0,0,1,0,1,57100,311,0,0
58,0,1,0,0,1,0,1,69139,227,0,0
67,0,1,0,0,0,1,1,52973,1152,0,0
58,0,1,0,0,0,1,1,51717,122,1,0
52,0,1,0,0,1,0,1,18793,77,0,0
41,0,1,0,1,0,0,0,66664,1289,0,0
64,1,0,0,0,1,0,2,50664,561,0,0
60,0,1,0,0,1,0,2,54414,211,0,0
71,0,1,0,0,0,1,1,54549,233,0,0
52,0,0,1,0,0,1,1,47111,1092,0,0
60,1,0,0,0,0,1,0,41003,601,0,0
41,0,1,0,0,1,0,1,19444,54,0,1
47,0,1,0,1,0,0,1,36301,78,0,0
76,0,1,0,0,0,1,1,73059,1095,0,0
54,0,1,0,0,0,1,1,42731,244,0,0
64,0,1,0,0,0,1,2,52854,116,0,0
45,0,1,0,0,1,0,1,22775,15,0,0
75,0,1,0,0,0,1,2,46681,425,0,0
68,0,1,0,0,0,1,1,59821,734,0,0
69,1,0,0,0,1,0,1,50002,638,0,0
78,0,1,0,0,1,0,0,69755,894,0,0
54,0,1,0,0,1,0,2,44078,41,0,0
47,0,1,0,0,0,1,1,30560,31,0,0
54,0,1,0,0,0,1,2,35924,34,0,0
59,1,0,0,0,0,1,2,64140,1750,3,1
42,0,1,0,0,1,0,2,56386,612,0,0
44,0,1,0,1,0,0,1,24594,29,0,0
42,0,1,0,1,0,0,1,75774,823,0,0
63,1,0,0,0,0,1,0,39228,20,0,0
49,0,1,0,0,0,1,1,58494,396,0,0
42,1,0,0,0,1,0,0,58684,813,1,0
56,1,0,0,0,1,0,0,57136,1179,0,1
73,0,0,1,0,0,1,2,56551,138,0,0
41,0,1,0,0,1,0,1,22448,55,0,0
62,1,0,0,0,1,0,0,82014,1511,0,1
60,0,0,1,0,1,0,2,34213,117,0,1
46,0,1,0,0,1,0,0,157146,1730,0,0
76,0,0,1,0,0,1,1,25358,32,0,0
45,1,0,0,0,0,1,1,35544,67,0,0
69,0,1,0,0,0,1,1,36634,335,0,0
69,0,1,0,0,0,1,1,62670,825,0,0
51,0,1,0,1,0,0,1,50334,694,0,0
42,1,0,0,0,1,0,0,72066,1792,2,1
65,1,0,0,0,0,1,2,50729,496,0,0
55,0,1,0,0,1,0,2,34916,231,0,0
47,1,0,0,0,1,0,1,64892,902,0,0
57,1,0,0,0,1,0,2,43602,68,0,0
34,1,0,0,0,0,1,0,33996,71,0,0
38,1,0,0,1,0,0,1,41473,76,0,0
56,0,1,0,0,0,1,2,63246,772,0,0
64,0,1,0,0,0,1,2,36732,47,0,0
53,0,1,0,0,0,1,1,69084,1586,0,0
56,0,1,0,0,0,1,1,77766,1529,1,1
38,1,0,0,0,0,1,0,37929,265,2,1
72,0,1,0,0,1,0,0,86610,1603,0,0
37,0,1,0,0,0,1,0,80141,2091,1,1
68,0,1,0,1,0,0,0,72635,981,1,0
53,0,1,0,0,1,0,1,69016,1533,0,0
32,0,1,0,1,0,0,0,20193,82,0,0
48,0,1,0,0,1,0,1,27573,244,0,0
44,1,0,0,1,0,0,1,15862,36,0,0
47,0,1,0,0,0,1,1,49544,404,0,0
43,0,1,0,0,1,0,1,33228,71,0,0
45,0,1,0,0,1,0,0,70440,1572,1,0
52,0,1,0,0,1,0,2,38232,122,0,0
68,0,1,0,0,0,1,2,22554,41,0,0
40,0,1,0,0,0,1,1,23536,10,0,0
71,0,1,0,0,1,0,1,49413,304,0,0
54,0,1,0,0,1,0,2,42231,37,0,0
43,1,0,0,0,0,1,0,78789,1754,0,1
55,0,1,0,0,1,0,1,56534,815,2,1
52,1,0,0,0,1,0,1,58350,1001,0,0
34,1,0,0,0,1,0,0,81217,1157,0,0
72,1,0,0,0,1,0,1,49090,688,0,0
36,1,0,0,0,0,1,0,61787,1319,0,0
38,0,1,0,0,0,1,1,18169,21,0,0
42,1,0,0,1,0,0,1,24336,31,0,0
33,0,1,0,0,1,0,0,18222,67,0,0
71,1,0,0,0,1,0,1,62335,708,0,0
52,0,1,0,1,0,0,2,42033,25,0,0
40,0,1,0,0,0,1,0,86580,746,1,0
66,1,0,0,0,0,1,2,41437,32,0,0
72,0,0,1,0,0,1,2,73705,1695,0,0
47,0,1,0,0,1,0,1,61064,1080,0,0
68,0,1,0,0,0,1,2,38452,72,0,0
34,1,0,0,0,1,0,1,18358,57,0,0
50,0,1,0,0,0,1,1,55012,660,0,0
50,0,1,0,1,0,0,1,9722,103,0,1
39,0,1,0,0,0,1,1,38175,153,0,0
67,0,1,0,0,0,1,1,58656,1220,1,0
58,0,1,0,0,1,0,1,52117,279,0,0
45,0,1,0,0,1,0,1,64813,745,0,0
50,0,1,0,0,0,1,1,54222,264,0,0
37,0,1,0,0,1,0,0,83512,2157,4,1
64,0,1,0,0,0,1,1,77520,1526,3,1
45,0,1,0,0,1,0,1,41154,69,0,0
57,0,1,0,0,1,0,0,80398,1597,1,0
31,1,0,0,1,0,0,1,18746,64,0,0
39,0,1,0,0,1,0,1,35196,497,0,0
67,1,0,0,0,1,0,1,60230,1067,0,0
46,0,1,0,0,1,0,2,22108,31,0,0
49,0,1,0,0,1,0,2,44392,211,0,0
47,0,1,0,0,0,1,1,55424,877,1,1
44,0,1,0,0,1,0,1,17688,11,0,0
40,0,1,0,0,0,1,0,92491,2034,3,1
32,1,0,0,0,1,0,0,90273,1991,3,1
61,0,0,1,0,0,1,0,82571,1686,1,0
41,1,0,0,0,0,1,1,38513,324,0,1
44,1,0,0,0,0,1,1,16653,69,0,1
68,0,1,0,0,1,0,2,42586,252,0,1
58,1,0,0,1,0,0,1,23529,54,0,0
62,0,1,0,0,0,1,2,74881,964,0,0
72,0,1,0,0,1,0,1,71107,1327,0,0
59,0,1,0,0,0,1,2,46910,68,0,0
64,0,1,0,0,1,0,0,18690,60,0,0
68,1,0,0,0,1,0,2,37244,55,1,0
57,0,1,0,0,1,0,0,82427,1456,1,0
65,1,0,0,1,0,0,1,75342,563,0,0
69,1,0,0,0,1,0,1,70044,1504,0,0
56,1,0,0,0,1,0,2,79146,564,0,0
60,0,1,0,0,1,0,0,77437,1125,1,0
64,0,1,0,0,1,0,1,54984,358,1,0
52,0,1,0,0,0,1,1,42403,42,0,0
59,0,1,0,0,1,0,1,55761,184,1,0
40,0,1,0,0,1,0,1,37292,460,0,0
78,1,0,0,0,0,1,0,45576,145,0,1
76,0,1,0,0,1,0,0,70321,1376,0,1
54,1,0,0,0,0,1,1,58086,792,0,0
71,0,1,0,0,1,0,0,81795,1382,0,0
76,0,1,0,1,0,0,0,28389,28,0,0
77,0,1,0,0,0,1,0,66835,1033,0,0
54,1,0,0,0,1,0,1,69901,882,0,0
74,0,1,0,0,0,1,0,80360,2231,3,0
62,0,1,0,0,0,1,1,63342,1101,1,1
49,0,1,0,0,1,0,1,44989,369,0,0
43,1,0,0,1,0,0,1,31859,48,0,0
74,0,0,1,0,0,1,1,51569,467,1,1
52,0,0,1,0,1,0,2,30372,44,0,0
44,1,0,0,1,0,0,2,16014,38,0,0
55,0,1,0,0,1,0,2,41120,81,0,0
52,1,0,0,0,0,1,1,39763,167,0,1
68,0,1,0,0,0,1,2,38725,45,0,0
51,0,1,0,0,1,0,1,77981,664,0,0
59,0,1,0,1,0,0,1,62905,622,0,0
44,1,0,0,1,0,0,1,13533,48,0,0
48,0,1,0,0,1,0,1,59481,461,0,0
46,0,1,0,0,1,0,1,72117,1073,0,0
37,0,1,0,1,0,0,1,21955,55,0,0
67,0,1,0,0,1,0,1,67131,976,0,0
43,1,0,0,0,0,1,1,36802,20,0,0
41,0,1,0,0,1,0,0,71853,1149,0,0
62,0,1,0,1,0,0,0,28249,43,0,0
48,0,1,0,0,0,1,1,47808,224,1,0
49,1,0,0,0,0,1,1,25509,101,0,1
77,0,1,0,0,0,1,0,51012,209,0,0
38,1,0,0,0,1,0,0,70596,968,0,0
71,0,1,0,0,0,1,0,85431,1165,0,0
56,0,1,0,0,1,0,1,42664,24,0,0
68,0,1,0,0,1,0,2,42586,252,0,1
38,1,0,0,0,1,0,1,29760,165,0,0
46,0,1,0,0,0,1,0,28973,269,0,0
50,0,1,0,0,0,1,1,39435,102,0,0
39,0,1,0,1,0,0,0,65370,461,0,0
44,1,0,0,1,0,0,1,20194,47,0,0
47,1,0,0,0,0,1,2,42473,144,0,0
55,0,1,0,0,1,0,0,64590,1338,0,0
64,0,1,0,0,1,0,1,71232,917,0,0
52,0,1,0,0,1,0,2,34600,318,0,1
56,1,0,0,0,1,0,2,46904,253,0,0
50,0,1,0,0,1,0,1,49094,502,0,0
40,0,1,0,0,1,0,1,36075,119,0,0
44,0,1,0,1,0,0,2,60839,1250,0,0
44,0,1,0,0,1,0,1,77298,969,0,0
73,0,1,0,0,1,0,2,34026,76,0,0
60,1,0,0,0,0,1,2,48918,62,0,0
61,0,1,0,1,0,0,0,82122,1382,1,0
47,1,0,0,0,1,0,1,37697,84,0,0
71,0,1,0,0,1,0,2,34074,255,1,0
63,0,1,0,0,0,1,2,28520,43,0,0
68,1,0,0,0,1,0,1,62535,398,0,0
46,1,0,0,0,0,1,1,36273,76,0,0
59,0,1,0,0,1,0,2,63404,902,1,0
42,0,1,0,1,0,0,1,75774,823,0,0
47,0,1,0,0,1,0,1,78416,1179,0,0
49,0,1,0,0,1,0,1,75702,1921,1,0
72,0,1,0,0,0,1,2,59385,185,0,0
57,1,0,0,0,1,0,2,37070,433,0,1
72,0,1,0,0,1,0,2,44689,34,1,0
65,0,1,0,0,1,0,1,53977,907,0,0
57,1,0,0,0,0,1,2,7144,416,0,0
59,1,0,0,0,1,0,2,18701,44,0,0
67,0,1,0,0,1,0,0,90369,1588,0,1
49,1,0,0,0,0,1,0,63159,1797,1,0
57,0,1,0,0,1,0,2,37758,40,0,0
60,1,0,0,0,0,1,1,46757,1143,0,0
54,0,1,0,0,0,1,0,79734,914,1,0
31,0,1,0,0,1,0,0,63207,1502,1,0
69,1,0,0,0,1,0,1,72071,1338,0,0
40,0,1,0,0,0,1,1,21840,27,0,0
41,0,1,0,1,0,0,1,58582,763,1,0
72,1,0,0,0,1,0,0,72282,1331,0,1
67,0,1,0,0,1,0,2,50387,525,0,0
62,0,1,0,0,0,1,2,32583,9,0,0
61,0,1,0,0,1,0,1,62568,953,1,0
52,1,0,0,0,0,1,2,44635,68,0,0
52,1,0,0,0,0,1,2,33316,131,0,0
55,0,1,0,0,1,0,1,63967,882,0,0
45,0,1,0,1,0,0,0,52513,1149,0,0
54,0,1,0,0,1,0,1,25293,37,0,0
58,0,0,1,0,0,1,1,54111,388,0,0
37,0,1,0,0,1,0,0,78394,1428,0,1
65,0,1,0,0,0,1,0,80739,1633,0,0
48,0,1,0,0,0,1,1,22669,173,0,1
36,1,0,0,0,1,0,1,29236,99,0,0
64,0,1,0,0,1,0,1,44911,215,0,0
61,0,1,0,0,0,1,1,54693,929,0,0
49,0,1,0,0,1,0,1,48186,219,0,0
46,0,1,0,0,1,0,2,54809,174,0,1
45,0,1,0,0,1,0,2,41580,92,0,0
53,0,1,0,0,0,1,0,80336,1052,0,0
66,0,1,0,0,1,0,1,47743,275,1,0
68,0,1,0,1,0,0,1,62972,587,0,0
69,1,0,0,0,0,1,1,57333,1662,0,1
41,0,1,0,0,0,1,1,32313,159,0,0
70,0,0,1,0,0,1,0,84953,1024,3,1
55,1,0,0,0,0,1,1,27071,35,0,0
66,0,1,0,0,0,1,0,68148,1042,0,0
58,0,1,0,0,0,1,2,65735,395,0,0
48,0,1,0,0,0,1,0,86836,557,3,1
60,0,1,0,0,0,1,2,4023,9,0,0
33,0,1,0,0,1,0,0,30093,69,0,0
57,0,1,0,0,0,1,1,57705,486,0,0
35,1,0,0,0,1,0,1,25008,34,0,0
28,1,0,0,1,0,0,0,83257,1365,2,1
48,0,1,0,0,1,0,1,22280,13,0,0
45,0,1,0,0,0,1,0,72159,1401,0,0
62,0,1,0,0,1,0,0,64260,1574,0,1
39,1,0,0,0,0,1,0,82733,1323,0,1
52,1,0,0,0,0,1,1,74290,1217,2,0
72,1,0,0,0,0,1,3,58217,103,0,0
47,0,1,0,0,0,1,0,21024,84,0,0
51,0,1,0,0,0,1,0,70116,1536,0,0
38,0,1,0,0,1,0,1,54006,581,0,0
57,0,1,0,0,0,1,1,69063,928,0,0
48,1,0,0,1,0,0,0,11448,14,0,0
44,1,0,0,0,1,0,1,61825,424,0,0
52,0,1,0,0,1,0,1,70886,960,0,0
41,0,1,0,0,1,0,0,69109,1555,1,1
50,0,0,1,0,1,0,2,60208,656,1,1
55,0,1,0,0,0,1,2,32889,55,0,0
39,1,0,0,0,1,0,1,34738,20,0,0
52,0,1,0,0,0,1,1,30538,367,0,0
46,0,1,0,1,0,0,0,82326,2257,3,1
56,1,0,0,0,0,1,1,26642,42,0,0
59,1,0,0,0,1,0,1,69932,1049,0,0
51,1,0,0,0,1,0,2,44503,48,0,0
75,1,0,0,0,0,1,1,60200,685,0,0
71,1,0,0,0,1,0,1,49638,39,0,0
36,1,0,0,1,0,0,0,23830,43,0,0
64,0,0,1,0,0,1,0,33051,835,0,1
65,0,1,0,0,1,0,0,72905,1515,1,0
72,0,1,0,0,0,1,1,69702,1039,0,0
48,1,0,0,0,1,0,1,70300,1596,0,0
39,0,1,0,0,0,1,0,70643,1828,0,1
54,0,1,0,0,0,1,1,30396,34,1,1
55,1,0,0,0,0,1,1,50616,149,0,0
54,1,0,0,0,0,1,1,62772,946,1,0
38,1,0,0,0,0,1,0,30298,28,0,0
39,1,0,0,0,1,0,1,52413,450,0,0
66,0,1,0,0,0,1,2,44155,46,0,0
52,1,0,0,0,0,1,0,86979,1702,1,1
48,0,1,0,0,1,0,2,76532,820,0,0
41,0,1,0,0,1,0,1,42081,382,1,0
35,0,1,0,0,0,1,0,67546,2126,0,0
34,0,1,0,0,0,1,0,88420,2069,3,0
38,0,1,0,0,1,0,1,31158,72,0,0
55,1,0,0,0,1,0,1,61671,732,2,0
49,1,0,0,0,1,0,0,69719,801,0,0
74,1,0,0,0,1,0,1,49160,236,0,0
45,0,1,0,1,0,0,1,24882,80,1,0
69,1,0,0,0,0,1,0,90933,1685,1,0
78,1,0,0,0,0,1,0,113734,277,0,0
73,0,1,0,0,0,1,1,59292,507,0,0
59,0,1,0,0,0,1,2,45759,68,0,0
40,1,0,0,0,1,0,0,22148,49,0,0
36,0,1,0,0,0,1,0,73395,397,0,0
52,1,0,0,0,1,0,1,29819,39,0,0
55,0,1,0,0,1,0,1,45688,306,1,0
69,0,1,0,0,1,0,0,62820,976,0,0
52,0,1,0,0,0,1,1,60491,1028,0,0
37,0,1,0,0,1,0,1,33235,70,0,0
64,0,1,0,0,1,0,0,35701,46,0,0
43,0,1,0,0,0,1,1,31535,51,1,0
63,0,1,0,1,0,0,0,92556,1263,0,0
53,1,0,0,0,1,0,1,67384,1490,1,0
52,0,1,0,0,0,1,0,80573,1564,0,0
56,0,1,0,0,1,0,1,77870,1815,2,1
60,0,0,1,0,0,1,1,52278,1198,0,0
55,1,0,0,0,1,0,1,57107,416,2,1
33,0,1,0,0,1,0,0,18929,85,0,0
42,1,0,0,0,0,1,1,36038,47,0,0
47,1,0,0,0,1,0,0,20180,137,0,0
58,0,1,0,0,0,1,2,34230,21,0,0
46,1,0,0,1,0,0,1,31878,70,0,0
51,0,1,0,1,0,0,1,70932,909,0,0
67,1,0,0,0,1,0,0,91249,1676,4,1
80,1,0,0,0,0,1,0,77598,1735,1,0
64,1,0,0,0,1,0,2,80982,1191,0,0
46,0,1,0,0,0,1,1,22701,24,0,0
54,0,1,0,0,0,1,1,55212,1182,2,0
53,0,1,0,0,1,0,0,70617,1280,0,0
66,1,0,0,0,1,0,0,64849,1336,0,1
58,0,1,0,0,0,1,2,62694,749,0,0
49,0,1,0,0,0,1,2,61917,91,0,0
76,0,1,0,0,0,1,1,67472,414,0,0
41,0,1,0,0,0,1,1,21059,44,0,0
55,0,1,0,0,0,1,2,29543,63,0,0
72,0,1,0,0,1,0,1,75903,901,0,0
48,0,1,0,1,0,0,2,34984,38,0,0
67,1,0,0,0,0,1,1,54998,455,0,1
74,0,0,1,0,0,1,1,54356,775,0,1
64,0,1,0,0,0,1,1,34242,15,0,0
50,0,1,0,0,1,0,1,25410,38,0,0
39,0,1,0,0,0,1,0,73356,1512,3,1
73,0,1,0,0,1,0,1,28320,43,0,0
46,1,0,0,0,1,0,1,23763,42,0,0
39,0,1,0,0,1,0,0,72570,1089,0,0
47,0,1,0,0,0,1,1,34529,162,0,0
72,0,0,1,0,1,0,0,70792,1272,0,0
41,0,1,0,0,1,0,0,63211,1173,0,1
49,0,1,0,0,0,1,1,83891,816,0,0
55,1,0,0,0,1,0,2,36065,74,0,0
69,0,1,0,0,1,0,1,39898,134,0,0
83,1,0,0,0,0,1,0,51141,157,0,0
47,0,1,0,0,1,0,1,56939,561,0,0
72,1,0,0,0,1,0,0,80872,1336,0,0
47,0,1,0,0,0,1,0,72335,2092,0,1
59,1,0,0,0,0,1,0,61798,463,0,0
73,0,0,1,0,0,1,0,76842,1130,0,0
47,0,1,0,0,1,0,1,29478,20,0,0
67,1,0,0,0,1,0,1,46998,377,1,0
33,1,0,0,0,1,0,0,96843,1544,1,1
73,0,0,1,0,0,1,2,56551,138,0,0
58,0,1,0,0,0,1,1,70053,1012,0,0
61,0,0,1,0,0,1,0,71670,1766,3,1
45,0,1,0,0,1,0,2,44359,45,0,0
71,1,0,0,0,1,0,2,40887,161,0,1
57,1,0,0,0,1,0,1,48877,144,0,0
76,0,1,0,0,1,0,0,74485,1734,0,0
51,0,1,0,0,1,0,1,64474,823,0,0
60,0,1,0,0,1,0,1,77226,1138,0,0
74,0,0,1,0,1,0,0,72643,1429,1,1
45,0,1,0,0,0,1,0,85738,1371,2,0
57,1,0,0,0,1,0,1,55686,982,1,0
40,1,0,0,0,1,0,1,39062,44,1,0
52,0,1,0,0,1,0,2,34600,318,0,1
48,0,1,0,0,1,0,1,40794,434,0,0
52,0,1,0,1,0,0,2,54690,198,0,0
54,0,1,0,0,1,0,1,4428,359,0,0
60,0,1,0,1,0,0,0,32632,576,0,0
55,1,0,0,0,0,1,2,38236,88,0,0
44,0,1,0,0,1,0,1,36781,63,0,1
39,1,0,0,0,0,1,1,31385,27,1,1
39,0,1,0,0,1,0,1,24570,193,0,0
49,1,0,0,0,0,1,1,25509,101,0,1
72,0,1,0,0,1,0,0,94642,2211,2,0
61,0,1,0,0,0,1,1,58646,140,0,0
48,1,0,0,0,1,0,2,53201,415,0,0
66,0,1,0,0,1,0,1,21994,22,0,0
45,0,1,0,0,1,0,2,57113,263,0,0
32,0,1,0,0,1,0,0,51373,393,0,0
37,0,1,0,0,1,0,1,23477,147,0,0
67,0,1,0,0,1,0,1,58116,443,0,0
60,1,0,0,0,0,1,0,72968,1958,1,1
52,0,1,0,0,0,1,1,39791,174,0,0
76,1,0,0,0,0,1,0,91712,2217,1,1
65,1,0,0,0,1,0,1,94472,1691,2,0
63,0,1,0,0,1,0,2,13672,25,0,0
43,0,1,0,1,0,0,0,96547,809,3,1
48,0,1,0,0,1,0,0,79205,895,1,1
48,0,1,0,0,0,1,1,56559,484,0,0
50,0,1,0,0,0,1,1,32644,413,1,0
43,1,0,0,1,0,0,1,67506,331,0,0
53,1,0,0,0,1,0,1,24206,25,0,0
56,1,0,0,0,0,1,1,28420,13,0,0
53,0,1,0,0,1,0,1,22979,115,0,1
57,1,0,0,0,1,0,0,33279,16,0,0
51,1,0,0,0,0,1,2,46423,92,0,0
46,0,1,0,0,1,0,1,30368,52,0,0
53,0,1,0,0,1,0,1,63684,1464,0,0
59,1,0,0,0,1,0,1,41638,441,1,0
64,1,0,0,0,0,1,1,68805,283,0,0
57,0,1,0,0,0,1,1,65814,747,0,0
65,1,0,0,0,1,0,0,71964,1870,0,0
37,1,0,0,0,1,0,1,39146,165,0,0
46,0,1,0,0,1,0,0,96876,1941,3,1
42,0,1,0,1,0,0,0,34445,839,0,0
65,1,0,0,0,1,0,0,68281,1655,0,1
48,0,1,0,1,0,0,2,37284,23,0,0
40,0,1,0,0,1,0,0,36790,66,0,1
56,0,1,0,0,1,0,2,27943,37,0,0
72,1,0,0,0,1,0,2,22263,21,0,0
51,0,1,0,0,1,0,3,30261,22,0,0
45,0,1,0,0,1,0,1,28587,78,0,0
41,0,1,0,0,0,1,1,43815,79,0,0
67,0,1,0,0,1,0,2,48195,265,0,0
71,0,1,0,0,0,1,1,77027,1175,0,0
58,0,1,0,0,0,1,1,71322,1305,0,0
44,0,1,0,0,0,1,1,32765,46,0,0
58,0,1,0,0,1,0,2,29672,25,0,0
70,1,0,0,0,1,0,0,23272,46,0,0
74,0,1,0,0,0,1,1,49912,874,1,1
38,0,1,0,1,0,0,1,7500,100,0,0
76,0,0,1,0,0,1,1,68117,930,1,1
68,0,1,0,0,1,0,1,67225,868,0,0
47,0,1,0,0,1,0,1,17649,45,0,0
48,0,1,0,0,1,0,1,55914,1260,0,0
39,0,1,0,0,1,0,1,40059,414,1,0
73,0,1,0,0,1,0,1,60905,392,0,0
46,0,1,0,0,1,0,2,75330,1109,0,0
72,1,0,0,0,1,0,1,60689,639,0,0
39,0,1,0,0,1,0,1,38680,79,0,0
41,0,1,0,0,1,0,0,61416,1665,1,0
32,1,0,0,0,1,0,0,49767,692,0,0
53,1,0,0,0,1,0,3,83273,1392,0,0
42,0,1,0,0,1,0,1,29009,44,0,0
44,0,1,0,0,0,1,1,45057,50,0,0
52,0,1,0,0,1,0,1,37150,467,0,0
53,1,0,0,0,1,0,1,43020,223,0,0
64,0,1,0,0,1,0,1,53154,158,0,0
50,0,1,0,0,1,0,0,65308,1211,2,0
53,1,0,0,0,1,0,1,76467,1575,0,1
76,0,1,0,1,0,0,0,81044,1208,0,0
72,0,1,0,0,1,0,2,32871,43,0,0
48,1,0,0,0,1,0,2,55801,527,1,0
64,0,0,1,0,1,0,1,76320,932,0,0
68,1,0,0,0,0,1,2,36927,71,0,0
70,0,1,0,0,1,0,2,48794,54,0,0
58,1,0,0,0,1,0,0,23478,129,0,0
50,1,0,0,0,1,0,1,71128,1615,0,0
47,1,0,0,0,0,1,1,70179,1034,0,0
73,0,1,0,0,1,0,1,59462,1088,0,0
54,0,1,0,0,1,0,1,38361,137,0,0
41,0,1,0,0,0,1,0,70038,1244,0,0
45,0,1,0,0,1,0,2,42554,41,0,0
49,0,1,0,0,1,0,1,67445,1174,0,0
72,0,0,1,0,1,0,1,67046,993,0,0
75,0,1,0,0,1,0,0,42192,100,0,0
71,0,1,0,0,0,1,1,77610,1680,0,0
39,0,1,0,0,1,0,1,31761,98,0,0
44,0,1,0,0,1,0,1,34350,48,0,0
74,0,1,0,0,1,0,1,54591,519,0,0
67,0,1,0,0,1,0,1,71866,715,0,0
54,0,1,0,0,1,0,1,25293,37,0,0
36,1,0,0,0,0,1,0,42000,653,0,1
40,0,1,0,0,1,0,0,69520,1455,0,0
53,1,0,0,0,1,0,1,64713,602,0,1
46,0,1,0,0,0,1,1,27889,26,0,0
63,0,0,1,1,0,0,0,22123,102,0,0
50,0,1,0,0,1,0,1,27803,176,0,0
63,0,1,0,0,1,0,1,51651,433,0,0
35,0,1,0,0,1,0,0,68487,1366,0,0
54,0,1,0,0,1,0,1,56796,1001,0,0
31,0,1,0,1,0,0,0,87000,961,0,0
64,0,1,0,0,1,0,1,79823,1518,1,0
43,1,0,0,0,1,0,1,30828,56,0,0
52,0,1,0,0,0,1,1,34109,22,0,0
49,1,0,0,0,0,1,2,53367,400,0,1
54,0,1,0,1,0,0,0,22390,26,0,0
47,0,1,0,0,1,0,1,71322,350,0,0
74,0,1,0,0,0,1,1,49912,874,1,1
73,0,1,0,0,0,1,2,48699,40,0,0
48,0,1,0,0,1,0,0,80144,1367,0,0
67,1,0,0,0,1,0,2,54252,264,0,0
47,0,1,0,0,0,1,1,81929,2053,2,1
48,0,1,0,0,1,0,1,76068,1376,2,0
47,0,1,0,0,0,1,2,53204,45,0,0
74,0,1,0,0,0,1,1,67911,976,0,0
39,0,1,0,1,0,0,1,14796,51,0,1
49,0,1,0,0,0,1,1,78128,1264,2,0
51,0,1,0,1,0,0,0,14188,75,0,0
37,0,1,0,1,0,0,1,20425,57,0,0
61,0,1,0,0,0,1,1,58646,140,0,0
53,1,0,0,0,1,0,1,72967,497,1,1
74,0,1,0,0,0,1,1,48150,266,0,0
62,1,0,0,0,1,0,0,82332,2006,1,1
68,0,0,1,0,1,0,2,58275,615,0,0
42,0,1,0,0,0,1,0,44953,1021,1,0
70,0,1,0,0,1,0,2,34587,22,0,0
49,0,1,0,0,0,1,1,43018,133,0,0
69,0,1,0,0,0,1,1,45736,437,0,0
54,0,1,0,0,0,1,1,66476,1013,0,0
42,0,1,0,1,0,0,1,27733,57,0,0
71,0,1,0,0,0,1,1,69805,1038,0,0
61,1,0,0,0,0,1,0,72217,1573,0,0
52,1,0,0,0,1,0,1,25818,28,0,0
47,0,1,0,0,0,1,1,37509,123,0,0
47,0,1,0,1,0,0,2,25176,13,0,0
43,0,1,0,0,1,0,1,43586,132,0,0
67,0,1,0,1,0,0,1,53230,732,0,0
66,0,1,0,0,1,0,2,50116,66,1,0
51,0,1,0,0,1,0,0,84906,1631,3,0
57,0,1,0,0,1,0,1,61286,608,0,0
37,0,1,0,0,0,1,0,82333,1822,1,1
58,0,1,0,0,0,1,0,65220,1282,0,1
49,0,1,0,0,1,0,3,33590,8,0,0
47,1,0,0,0,1,0,1,30992,43,0,0
47,1,0,0,0,0,1,0,72309,1931,1,1
74,0,1,0,0,0,1,0,156924,8,0,0
43,0,1,0,1,0,0,1,16005,103,0,0
58,0,1,0,0,1,0,1,58692,395,0,0
54,0,0,1,0,1,0,2,40590,258,1,0
53,1,0,0,0,1,0,1,20587,25,0,0
69,1,0,0,0,0,1,1,62637,185,0,0
57,1,0,0,0,0,1,2,29435,180,0,1
49,1,0,0,0,1,0,1,19346,22,0,0
52,0,1,0,0,1,0,2,35788,44,0,0
55,1,0,0,0,1,0,2,36997,94,0,0
66,0,1,0,0,1,0,0,23539,81,0,0
50,1,0,0,0,1,0,1,65333,798,2,0
66,1,0,0,0,1,0,0,78499,1334,1,1
52,0,1,0,0,0,1,1,29732,38,0,0
63,0,1,0,0,0,1,3,41275,61,0,0
50,0,1,0,0,0,1,2,63516,300,0,0
61,0,1,0,0,0,1,1,42769,88,0,0
65,0,1,0,0,0,1,2,49572,54,0,0
51,0,1,0,0,1,0,0,69209,1782,1,0
47,0,1,0,0,1,0,1,17148,68,0,0
54,0,0,1,0,1,0,2,40590,258,1,0
47,0,1,0,0,0,1,1,30560,31,0,0
40,0,1,0,1,0,0,1,32146,66,0,0
59,1,0,0,1,0,0,2,41713,174,0,0
48,0,1,0,0,0,1,1,34176,28,0,0
68,0,1,0,0,0,1,1,58482,731,1,0
58,1,0,0,0,1,0,1,59686,274,0,0
59,0,1,0,0,0,1,1,60896,1701,0,1
43,0,1,0,0,1,0,1,62994,312,0,0
66,0,1,0,0,1,0,1,47320,414,0,0
74,0,0,1,1,0,0,0,74859,1565,1,0
31,1,0,0,1,0,0,1,15253,29,0,0
49,1,0,0,0,0,1,1,31560,94,0,0
69,1,0,0,0,1,0,1,72071,1338,0,0
33,1,0,0,0,0,1,0,91172,1092,4,1
39,0,1,0,0,1,0,0,90000,1479,3,0
42,1,0,0,0,1,0,2,41967,54,0,0
58,1,0,0,0,1,0,1,69263,568,1,0
53,1,0,0,1,0,0,0,65706,1199,3,1
48,0,1,0,0,1,0,1,60934,873,0,0
72,0,1,0,0,1,0,1,71965,1213,0,0
68,0,1,0,0,1,0,1,65210,731,2,0
48,0,1,0,0,0,1,0,79174,2043,2,1
56,1,0,0,0,0,1,0,81380,1893,0,0
52,0,1,0,0,1,0,1,52914,575,1,0
68,0,1,0,0,1,0,1,38946,257,0,0
49,0,1,0,0,1,0,1,26067,56,0,0
51,0,1,0,0,0,1,1,44325,542,1,0
59,0,1,0,0,1,0,0,42523,125,0,0
45,1,0,0,1,0,0,1,26487,69,0,0
66,0,1,0,1,0,0,1,53233,40,0,0
63,0,1,0,0,1,0,1,67716,1016,1,0
51,0,1,0,0,0,1,1,76234,907,1,0
67,0,1,0,0,0,1,0,84117,1566,1,0
66,0,1,0,0,0,1,0,65487,1169,0,0
51,0,1,0,1,0,0,1,25224,46,0,0
40,1,0,0,0,0,1,0,89616,1644,0,1
52,1,0,0,0,1,0,2,40851,59,0,0
76,0,1,0,0,1,0,0,27469,17,0,0
66,0,1,0,1,0,0,0,82347,1853,2,1
66,0,1,0,0,1,0,1,73803,1528,1,1
71,1,0,0,0,0,1,2,8820,35,0,0
49,1,0,0,0,1,0,0,43322,141,0,0
50,0,1,0,0,1,0,1,55593,546,1,0
69,0,1,0,0,1,0,2,50501,500,1,1
48,0,1,0,0,1,0,2,37085,61,0,0
33,1,0,0,1,0,0,1,16185,106,0,0
54,1,0,0,0,1,0,1,57731,704,0,0
45,0,1,0,0,1,0,1,73807,849,0,0
33,0,1,0,0,1,0,0,18929,85,0,0
55,1,0,0,0,1,0,2,35893,199,0,0
43,0,1,0,0,1,0,1,61014,1147,0,0
69,0,1,0,0,1,0,2,32144,54,1,0
60,0,1,0,1,0,0,1,14918,43,0,0
60,1,0,0,0,1,0,2,45146,53,0,0
68,1,0,0,1,0,0,1,41769,521,0,0
42,0,1,0,0,1,0,0,88325,1623,0,0
73,1,0,0,0,0,1,2,38054,45,0,0
28,1,0,0,1,0,0,0,80617,1435,0,0
47,0,1,0,0,1,0,1,5305,32,0,0
69,0,1,0,0,1,0,2,36807,16,0,0
40,0,1,0,0,1,0,1,28427,52,0,0
75,0,0,1,0,0,1,0,82032,1234,0,0
45,0,1,0,0,1,0,1,22775,15,0,0
38,0,1,0,0,0,1,1,40101,415,0,0
44,0,1,0,0,1,0,1,58025,470,0,0
41,1,0,0,0,0,1,0,75777,1438,2,1
44,0,1,0,1,0,0,1,7500,53,0,0
60,0,1,0,0,0,1,3,33562,51,0,0
53,1,0,0,0,0,1,1,57642,679,1,0
55,0,1,0,0,1,0,2,58554,586,0,0
44,0,1,0,0,1,0,2,63777,653,0,0
61,1,0,0,0,1,0,1,57967,468,0,0
51,0,1,0,0,1,0,2,24434,50,0,0
39,1,0,0,0,1,0,1,11012,84,1,0
53,1,0,0,0,0,1,0,44802,1049,0,0
37,1,0,0,0,1,0,0,26816,22,0,0
49,0,1,0,0,1,0,1,34421,30,0,0
56,0,1,0,0,1,0,1,61223,1341,0,0
77,0,1,0,0,0,1,3,64014,444,1,0
42,1,0,0,0,1,0,0,56981,1241,1,0
67,0,1,0,0,0,1,1,69245,843,0,0
69,0,1,0,0,0,1,2,52869,172,0,1
